AL1G36310.t1.v2.1	120	UKScandinavia_2n	.	104	pi_pixy	0
AL1G36310.t1.v2.1	120	PUWS_4n	.	104	pi_pixy	0.00656288
AL1G36310.t1.v2.1	120	CESiberia_2n	.	104	pi_pixy	0.00120192
AL1G36310.t1.v2.1	120	LE_2n	.	104	pi_pixy	0.00159399
AL1G36310.t1.v2.1	120	PUWS_4n	CESiberia_2n	104	dxy_pixy	0.00403503
AL1G36310.t1.v2.1	120	UKScandinavia_2n	CESiberia_2n	104	dxy_pixy	0.000600962
AL1G36310.t1.v2.1	120	UKScandinavia_2n	PUWS_4n	104	dxy_pixy	0.00343407
AL1G36310.t1.v2.1	120	LE_2n	CESiberia_2n	104	dxy_pixy	0.00144938
AL1G36310.t1.v2.1	120	UKScandinavia_2n	LE_2n	104	dxy_pixy	0.000848416
AL1G36310.t1.v2.1	120	PUWS_4n	LE_2n	104	dxy_pixy	0.00404008
AL1G36360.t1.v2.1	402	UKScandinavia_2n	.	373	pi_pixy	0.00470658
AL1G36360.t1.v2.1	402	PUWS_4n	.	373	pi_pixy	0.00466315
AL1G36360.t1.v2.1	402	CESiberia_2n	.	373	pi_pixy	0.00484808
AL1G36360.t1.v2.1	402	LE_2n	.	373	pi_pixy	0.00509589
AL1G36360.t1.v2.1	402	PUWS_4n	CESiberia_2n	373	dxy_pixy	0.00608238
AL1G36360.t1.v2.1	402	UKScandinavia_2n	CESiberia_2n	373	dxy_pixy	0.00552949
AL1G36360.t1.v2.1	402	UKScandinavia_2n	PUWS_4n	373	dxy_pixy	0.00659004
AL1G36360.t1.v2.1	402	LE_2n	CESiberia_2n	373	dxy_pixy	0.00621057
AL1G36360.t1.v2.1	402	UKScandinavia_2n	LE_2n	373	dxy_pixy	0.00586751
AL1G36360.t1.v2.1	402	PUWS_4n	LE_2n	373	dxy_pixy	0.00601853
AL1G36380.t1.v2.1	293	UKScandinavia_2n	.	271	pi_pixy	0.000738007
AL1G36380.t1.v2.1	293	PUWS_4n	.	271	pi_pixy	0.00129835
AL1G36380.t1.v2.1	293	CESiberia_2n	.	271	pi_pixy	0.000461255
AL1G36380.t1.v2.1	293	LE_2n	.	271	pi_pixy	0.000868244
AL1G36380.t1.v2.1	293	PUWS_4n	CESiberia_2n	271	dxy_pixy	0.000889562
AL1G36380.t1.v2.1	293	UKScandinavia_2n	CESiberia_2n	271	dxy_pixy	0.000599631
AL1G36380.t1.v2.1	293	UKScandinavia_2n	PUWS_4n	271	dxy_pixy	0.00102794
AL1G36380.t1.v2.1	293	LE_2n	CESiberia_2n	271	dxy_pixy	0.000664749
AL1G36380.t1.v2.1	293	UKScandinavia_2n	LE_2n	271	dxy_pixy	0.000803126
AL1G36380.t1.v2.1	293	PUWS_4n	LE_2n	271	dxy_pixy	0.00107755
AL1G36440.t1.v2.1	130	UKScandinavia_2n	.	124	pi_pixy	0.0016129
AL1G36440.t1.v2.1	130	PUWS_4n	.	124	pi_pixy	0.00951528
AL1G36440.t1.v2.1	130	CESiberia_2n	.	124	pi_pixy	0.0131048
AL1G36440.t1.v2.1	130	LE_2n	.	124	pi_pixy	0.00961704
AL1G36440.t1.v2.1	130	PUWS_4n	CESiberia_2n	124	dxy_pixy	0.0111607
AL1G36440.t1.v2.1	130	UKScandinavia_2n	CESiberia_2n	124	dxy_pixy	0.0107863
AL1G36440.t1.v2.1	130	UKScandinavia_2n	PUWS_4n	124	dxy_pixy	0.00864055
AL1G36440.t1.v2.1	130	LE_2n	CESiberia_2n	124	dxy_pixy	0.0121264
AL1G36440.t1.v2.1	130	UKScandinavia_2n	LE_2n	124	dxy_pixy	0.0111006
AL1G36440.t1.v2.1	130	PUWS_4n	LE_2n	124	dxy_pixy	0.0112497
AL1G36460.t1.v2.1	203	UKScandinavia_2n	.	171	pi_pixy	0.00545809
AL1G36460.t1.v2.1	203	PUWS_4n	.	171	pi_pixy	0.00996318
AL1G36460.t1.v2.1	203	CESiberia_2n	.	171	pi_pixy	0.00808967
AL1G36460.t1.v2.1	203	LE_2n	.	171	pi_pixy	0.0102574
AL1G36460.t1.v2.1	203	PUWS_4n	CESiberia_2n	171	dxy_pixy	0.00892857
AL1G36460.t1.v2.1	203	UKScandinavia_2n	CESiberia_2n	171	dxy_pixy	0.00935673
AL1G36460.t1.v2.1	203	UKScandinavia_2n	PUWS_4n	171	dxy_pixy	0.0101921
AL1G36460.t1.v2.1	203	LE_2n	CESiberia_2n	171	dxy_pixy	0.00980392
AL1G36460.t1.v2.1	203	UKScandinavia_2n	LE_2n	171	dxy_pixy	0.0121087
AL1G36460.t1.v2.1	203	PUWS_4n	LE_2n	171	dxy_pixy	0.0106762
AL1G36350.t1.v2.1	902	UKScandinavia_2n	.	816	pi_pixy	0.00220588
AL1G36350.t1.v2.1	902	PUWS_4n	.	815	pi_pixy	0.00799818
AL1G36350.t1.v2.1	902	CESiberia_2n	.	816	pi_pixy	0.00702614
AL1G36350.t1.v2.1	902	LE_2n	.	816	pi_pixy	0.00628255
AL1G36350.t1.v2.1	902	PUWS_4n	CESiberia_2n	815	dxy_pixy	0.0100898
AL1G36350.t1.v2.1	902	UKScandinavia_2n	CESiberia_2n	816	dxy_pixy	0.0136336
AL1G36350.t1.v2.1	902	UKScandinavia_2n	PUWS_4n	815	dxy_pixy	0.00797546
AL1G36350.t1.v2.1	902	LE_2n	CESiberia_2n	816	dxy_pixy	0.0124757
AL1G36350.t1.v2.1	902	UKScandinavia_2n	LE_2n	816	dxy_pixy	0.00759083
AL1G36350.t1.v2.1	902	PUWS_4n	LE_2n	815	dxy_pixy	0.00802444
AL1G36450.t1.v2.1	146	UKScandinavia_2n	.	126	pi_pixy	0.0149912
AL1G36450.t1.v2.1	146	PUWS_4n	.	126	pi_pixy	0.0103511
AL1G36450.t1.v2.1	146	CESiberia_2n	.	126	pi_pixy	0.0152116
AL1G36450.t1.v2.1	146	LE_2n	.	126	pi_pixy	0.00188968
AL1G36450.t1.v2.1	146	PUWS_4n	CESiberia_2n	126	dxy_pixy	0.0132157
AL1G36450.t1.v2.1	146	UKScandinavia_2n	CESiberia_2n	126	dxy_pixy	0.0203373
AL1G36450.t1.v2.1	146	UKScandinavia_2n	PUWS_4n	126	dxy_pixy	0.0214286
AL1G36450.t1.v2.1	146	LE_2n	CESiberia_2n	126	dxy_pixy	0.00974636
AL1G36450.t1.v2.1	146	UKScandinavia_2n	LE_2n	126	dxy_pixy	0.0188351
AL1G36450.t1.v2.1	146	PUWS_4n	LE_2n	126	dxy_pixy	0.00629068
AL1G36280.t1.v2.1	490	UKScandinavia_2n	.	465	pi_pixy	0.0032497
AL1G36280.t1.v2.1	490	PUWS_4n	.	465	pi_pixy	0.0104488
AL1G36280.t1.v2.1	490	CESiberia_2n	.	465	pi_pixy	0.00673835
AL1G36280.t1.v2.1	490	LE_2n	.	465	pi_pixy	0.00482482
AL1G36280.t1.v2.1	490	PUWS_4n	CESiberia_2n	465	dxy_pixy	0.0101182
AL1G36280.t1.v2.1	490	UKScandinavia_2n	CESiberia_2n	465	dxy_pixy	0.012957
AL1G36280.t1.v2.1	490	UKScandinavia_2n	PUWS_4n	465	dxy_pixy	0.0108133
AL1G36280.t1.v2.1	490	LE_2n	CESiberia_2n	465	dxy_pixy	0.00926863
AL1G36280.t1.v2.1	490	UKScandinavia_2n	LE_2n	465	dxy_pixy	0.0109705
AL1G36280.t1.v2.1	490	PUWS_4n	LE_2n	465	dxy_pixy	0.010826
AL1G36470.t1.v2.1	520	UKScandinavia_2n	.	479	pi_pixy	0.00375783
AL1G36470.t1.v2.1	520	PUWS_4n	.	478	pi_pixy	0.0148104
AL1G36470.t1.v2.1	520	CESiberia_2n	.	479	pi_pixy	0.0085247
AL1G36470.t1.v2.1	520	LE_2n	.	479	pi_pixy	0.012103
AL1G36470.t1.v2.1	520	PUWS_4n	CESiberia_2n	478	dxy_pixy	0.0128231
AL1G36470.t1.v2.1	520	UKScandinavia_2n	CESiberia_2n	479	dxy_pixy	0.00965553
AL1G36470.t1.v2.1	520	UKScandinavia_2n	PUWS_4n	478	dxy_pixy	0.013688
AL1G36470.t1.v2.1	520	LE_2n	CESiberia_2n	479	dxy_pixy	0.0149005
AL1G36470.t1.v2.1	520	UKScandinavia_2n	LE_2n	479	dxy_pixy	0.0182391
AL1G36470.t1.v2.1	520	PUWS_4n	LE_2n	478	dxy_pixy	0.0148478
AL1G36330.t1.v2.1	424	UKScandinavia_2n	.	379	pi_pixy	0.00146964
AL1G36330.t1.v2.1	424	PUWS_4n	.	378	pi_pixy	0.00633381
AL1G36330.t1.v2.1	424	CESiberia_2n	.	379	pi_pixy	0.00131926
AL1G36330.t1.v2.1	424	LE_2n	.	379	pi_pixy	0.00234692
AL1G36330.t1.v2.1	424	PUWS_4n	CESiberia_2n	378	dxy_pixy	0.00465325
AL1G36330.t1.v2.1	424	UKScandinavia_2n	CESiberia_2n	379	dxy_pixy	0.0124934
AL1G36330.t1.v2.1	424	UKScandinavia_2n	PUWS_4n	378	dxy_pixy	0.0115702
AL1G36330.t1.v2.1	424	LE_2n	CESiberia_2n	379	dxy_pixy	0.00192069
AL1G36330.t1.v2.1	424	UKScandinavia_2n	LE_2n	379	dxy_pixy	0.0124428
AL1G36330.t1.v2.1	424	PUWS_4n	LE_2n	378	dxy_pixy	0.00474634
AL1G36290.t1.v2.1	705	UKScandinavia_2n	.	643	pi_pixy	0.00297218
AL1G36290.t1.v2.1	705	PUWS_4n	.	642	pi_pixy	0.00934167
AL1G36290.t1.v2.1	705	CESiberia_2n	.	643	pi_pixy	0.0028253
AL1G36290.t1.v2.1	705	LE_2n	.	642	pi_pixy	0.00321522
AL1G36290.t1.v2.1	705	PUWS_4n	CESiberia_2n	642	dxy_pixy	0.00720405
AL1G36290.t1.v2.1	705	UKScandinavia_2n	CESiberia_2n	643	dxy_pixy	0.00441291
AL1G36290.t1.v2.1	705	UKScandinavia_2n	PUWS_4n	642	dxy_pixy	0.00684246
AL1G36290.t1.v2.1	705	LE_2n	CESiberia_2n	642	dxy_pixy	0.0036192
AL1G36290.t1.v2.1	705	UKScandinavia_2n	LE_2n	642	dxy_pixy	0.00437053
AL1G36290.t1.v2.1	705	PUWS_4n	LE_2n	642	dxy_pixy	0.00735949
AL1G36530.t1.v2.1	918	UKScandinavia_2n	.	855	pi_pixy	0.00358674
AL1G36530.t1.v2.1	918	PUWS_4n	.	855	pi_pixy	0.0106284
AL1G36530.t1.v2.1	918	CESiberia_2n	.	855	pi_pixy	0.00774854
AL1G36530.t1.v2.1	918	LE_2n	.	855	pi_pixy	0.00507308
AL1G36530.t1.v2.1	918	PUWS_4n	CESiberia_2n	855	dxy_pixy	0.00969612
AL1G36530.t1.v2.1	918	UKScandinavia_2n	CESiberia_2n	855	dxy_pixy	0.0186257
AL1G36530.t1.v2.1	918	UKScandinavia_2n	PUWS_4n	855	dxy_pixy	0.0198747
AL1G36530.t1.v2.1	918	LE_2n	CESiberia_2n	855	dxy_pixy	0.00678151
AL1G36530.t1.v2.1	918	UKScandinavia_2n	LE_2n	855	dxy_pixy	0.020022
AL1G36530.t1.v2.1	918	PUWS_4n	LE_2n	855	dxy_pixy	0.00860789
AL1G31870.t1.v2.1	657	UKScandinavia_2n	.	622	pi_pixy	0.0140936
AL1G31870.t1.v2.1	657	PUWS_4n	.	498	pi_pixy	0.0140775
AL1G31870.t1.v2.1	657	CESiberia_2n	.	541	pi_pixy	0.0189963
AL1G31870.t1.v2.1	657	LE_2n	.	501	pi_pixy	0.015339
AL1G31870.t1.v2.1	657	PUWS_4n	CESiberia_2n	492	dxy_pixy	0.0146437
AL1G31870.t1.v2.1	657	UKScandinavia_2n	CESiberia_2n	540	dxy_pixy	0.0243084
AL1G31870.t1.v2.1	657	UKScandinavia_2n	PUWS_4n	498	dxy_pixy	0.0215037
AL1G31870.t1.v2.1	657	LE_2n	CESiberia_2n	494	dxy_pixy	0.0161541
AL1G31870.t1.v2.1	657	UKScandinavia_2n	LE_2n	501	dxy_pixy	0.0236754
AL1G31870.t1.v2.1	657	PUWS_4n	LE_2n	498	dxy_pixy	0.0139933
AL1G36550.t1.v2.1	432	UKScandinavia_2n	.	403	pi_pixy	0.000992556
AL1G36550.t1.v2.1	432	PUWS_4n	.	403	pi_pixy	0.00404349
AL1G36550.t1.v2.1	432	CESiberia_2n	.	403	pi_pixy	0.00320898
AL1G36550.t1.v2.1	432	LE_2n	.	403	pi_pixy	0.00220661
AL1G36550.t1.v2.1	432	PUWS_4n	CESiberia_2n	403	dxy_pixy	0.00458068
AL1G36550.t1.v2.1	432	UKScandinavia_2n	CESiberia_2n	403	dxy_pixy	0.00564867
AL1G36550.t1.v2.1	432	UKScandinavia_2n	PUWS_4n	403	dxy_pixy	0.00599928
AL1G36550.t1.v2.1	432	LE_2n	CESiberia_2n	403	dxy_pixy	0.00349528
AL1G36550.t1.v2.1	432	UKScandinavia_2n	LE_2n	403	dxy_pixy	0.00627842
AL1G36550.t1.v2.1	432	PUWS_4n	LE_2n	403	dxy_pixy	0.00437259
AL1G36340.t1.v2.1	559	UKScandinavia_2n	.	513	pi_pixy	0.0014295
AL1G36340.t1.v2.1	559	PUWS_4n	.	513	pi_pixy	0.0115206
AL1G36340.t1.v2.1	559	CESiberia_2n	.	513	pi_pixy	0.00238791
AL1G36340.t1.v2.1	559	LE_2n	.	513	pi_pixy	0.00738725
AL1G36340.t1.v2.1	559	PUWS_4n	CESiberia_2n	513	dxy_pixy	0.00883285
AL1G36340.t1.v2.1	559	UKScandinavia_2n	CESiberia_2n	513	dxy_pixy	0.00187622
AL1G36340.t1.v2.1	559	UKScandinavia_2n	PUWS_4n	513	dxy_pixy	0.00899471
AL1G36340.t1.v2.1	559	LE_2n	CESiberia_2n	513	dxy_pixy	0.00601995
AL1G36340.t1.v2.1	559	UKScandinavia_2n	LE_2n	513	dxy_pixy	0.00590529
AL1G36340.t1.v2.1	559	PUWS_4n	LE_2n	513	dxy_pixy	0.0110038
AL1G36540.t1.v2.1	602	UKScandinavia_2n	.	536	pi_pixy	0.0102405
AL1G36540.t1.v2.1	602	PUWS_4n	.	536	pi_pixy	0.0168341
AL1G36540.t1.v2.1	602	CESiberia_2n	.	535	pi_pixy	0.0129128
AL1G36540.t1.v2.1	602	LE_2n	.	534	pi_pixy	0.0147943
AL1G36540.t1.v2.1	602	PUWS_4n	CESiberia_2n	535	dxy_pixy	0.0174195
AL1G36540.t1.v2.1	602	UKScandinavia_2n	CESiberia_2n	535	dxy_pixy	0.0210748
AL1G36540.t1.v2.1	602	UKScandinavia_2n	PUWS_4n	536	dxy_pixy	0.0211677
AL1G36540.t1.v2.1	602	LE_2n	CESiberia_2n	534	dxy_pixy	0.0151465
AL1G36540.t1.v2.1	602	UKScandinavia_2n	LE_2n	534	dxy_pixy	0.0208636
AL1G36540.t1.v2.1	602	PUWS_4n	LE_2n	534	dxy_pixy	0.0183696
AL1G31860.t1.v2.1	461	UKScandinavia_2n	.	420	pi_pixy	0.0123391
AL1G31860.t1.v2.1	461	PUWS_4n	.	416	pi_pixy	0.0196505
AL1G31860.t1.v2.1	461	CESiberia_2n	.	420	pi_pixy	0.0262103
AL1G31860.t1.v2.1	461	LE_2n	.	419	pi_pixy	0.0206927
AL1G31860.t1.v2.1	461	PUWS_4n	CESiberia_2n	416	dxy_pixy	0.0213019
AL1G31860.t1.v2.1	461	UKScandinavia_2n	CESiberia_2n	420	dxy_pixy	0.027662
AL1G31860.t1.v2.1	461	UKScandinavia_2n	PUWS_4n	416	dxy_pixy	0.0248918
AL1G31860.t1.v2.1	461	LE_2n	CESiberia_2n	419	dxy_pixy	0.0227257
AL1G31860.t1.v2.1	461	UKScandinavia_2n	LE_2n	419	dxy_pixy	0.0260829
AL1G31860.t1.v2.1	461	PUWS_4n	LE_2n	416	dxy_pixy	0.0189682
AL1G36390.t1.v2.1	860	UKScandinavia_2n	.	792	pi_pixy	0.00656566
AL1G36390.t1.v2.1	860	PUWS_4n	.	792	pi_pixy	0.00837074
AL1G36390.t1.v2.1	860	CESiberia_2n	.	792	pi_pixy	0.00507155
AL1G36390.t1.v2.1	860	LE_2n	.	792	pi_pixy	0.00816543
AL1G36390.t1.v2.1	860	PUWS_4n	CESiberia_2n	792	dxy_pixy	0.00768286
AL1G36390.t1.v2.1	860	UKScandinavia_2n	CESiberia_2n	792	dxy_pixy	0.00852273
AL1G36390.t1.v2.1	860	UKScandinavia_2n	PUWS_4n	792	dxy_pixy	0.00940657
AL1G36390.t1.v2.1	860	LE_2n	CESiberia_2n	792	dxy_pixy	0.00675876
AL1G36390.t1.v2.1	860	UKScandinavia_2n	LE_2n	792	dxy_pixy	0.0097445
AL1G36390.t1.v2.1	860	PUWS_4n	LE_2n	792	dxy_pixy	0.0086527
AL1G36270.t1.v2.1	1773	UKScandinavia_2n	.	1625	pi_pixy	0.0030359
AL1G36270.t1.v2.1	1773	PUWS_4n	.	1624	pi_pixy	0.00571618
AL1G36270.t1.v2.1	1773	CESiberia_2n	.	1625	pi_pixy	0.00371448
AL1G36270.t1.v2.1	1773	LE_2n	.	1625	pi_pixy	0.00166902
AL1G36270.t1.v2.1	1773	PUWS_4n	CESiberia_2n	1624	dxy_pixy	0.00554865
AL1G36270.t1.v2.1	1773	UKScandinavia_2n	CESiberia_2n	1625	dxy_pixy	0.00617065
AL1G36270.t1.v2.1	1773	UKScandinavia_2n	PUWS_4n	1624	dxy_pixy	0.00649191
AL1G36270.t1.v2.1	1773	LE_2n	CESiberia_2n	1625	dxy_pixy	0.00332145
AL1G36270.t1.v2.1	1773	UKScandinavia_2n	LE_2n	1625	dxy_pixy	0.00656622
AL1G36270.t1.v2.1	1773	PUWS_4n	LE_2n	1624	dxy_pixy	0.00576989
AL1G36560.t1.v2.1	425	UKScandinavia_2n	.	388	pi_pixy	0.00171821
AL1G36560.t1.v2.1	425	PUWS_4n	.	388	pi_pixy	0.00161594
AL1G36560.t1.v2.1	425	CESiberia_2n	.	388	pi_pixy	0
AL1G36560.t1.v2.1	425	LE_2n	.	388	pi_pixy	0.000303214
AL1G36560.t1.v2.1	425	PUWS_4n	CESiberia_2n	388	dxy_pixy	0.000828424
AL1G36560.t1.v2.1	425	UKScandinavia_2n	CESiberia_2n	388	dxy_pixy	0.00721649
AL1G36560.t1.v2.1	425	UKScandinavia_2n	PUWS_4n	388	dxy_pixy	0.00786082
AL1G36560.t1.v2.1	425	LE_2n	CESiberia_2n	388	dxy_pixy	0.000151607
AL1G36560.t1.v2.1	425	UKScandinavia_2n	LE_2n	388	dxy_pixy	0.0073681
AL1G36560.t1.v2.1	425	PUWS_4n	LE_2n	388	dxy_pixy	0.000980031
AL1G36370.t1.v2.1	1697	UKScandinavia_2n	.	1545	pi_pixy	0.00566703
AL1G36370.t1.v2.1	1697	PUWS_4n	.	1544	pi_pixy	0.0106129
AL1G36370.t1.v2.1	1697	CESiberia_2n	.	1545	pi_pixy	0.00318231
AL1G36370.t1.v2.1	1697	LE_2n	.	1544	pi_pixy	0.00633468
AL1G36370.t1.v2.1	1697	PUWS_4n	CESiberia_2n	1544	dxy_pixy	0.00875509
AL1G36370.t1.v2.1	1697	UKScandinavia_2n	CESiberia_2n	1545	dxy_pixy	0.00787217
AL1G36370.t1.v2.1	1697	UKScandinavia_2n	PUWS_4n	1544	dxy_pixy	0.00998797
AL1G36370.t1.v2.1	1697	LE_2n	CESiberia_2n	1544	dxy_pixy	0.00656717
AL1G36370.t1.v2.1	1697	UKScandinavia_2n	LE_2n	1544	dxy_pixy	0.00972265
AL1G36370.t1.v2.1	1697	PUWS_4n	LE_2n	1543	dxy_pixy	0.00987245
AL1G36420.t1.v2.1	1140	UKScandinavia_2n	.	1023	pi_pixy	0.00981862
AL1G36420.t1.v2.1	1140	PUWS_4n	.	1023	pi_pixy	0.00446089
AL1G36420.t1.v2.1	1140	CESiberia_2n	.	1023	pi_pixy	0.00533629
AL1G36420.t1.v2.1	1140	LE_2n	.	1021	pi_pixy	0.00702222
AL1G36420.t1.v2.1	1140	PUWS_4n	CESiberia_2n	1023	dxy_pixy	0.00569218
AL1G36420.t1.v2.1	1140	UKScandinavia_2n	CESiberia_2n	1023	dxy_pixy	0.00972495
AL1G36420.t1.v2.1	1140	UKScandinavia_2n	PUWS_4n	1023	dxy_pixy	0.00885351
AL1G36420.t1.v2.1	1140	LE_2n	CESiberia_2n	1021	dxy_pixy	0.00638356
AL1G36420.t1.v2.1	1140	UKScandinavia_2n	LE_2n	1021	dxy_pixy	0.0109357
AL1G36420.t1.v2.1	1140	PUWS_4n	LE_2n	1021	dxy_pixy	0.0068609
AL1G36580.t1.v2.1	1482	UKScandinavia_2n	.	1347	pi_pixy	0.0104848
AL1G36580.t1.v2.1	1482	PUWS_4n	.	1344	pi_pixy	0.0109618
AL1G36580.t1.v2.1	1482	CESiberia_2n	.	1345	pi_pixy	0.0100867
AL1G36580.t1.v2.1	1482	LE_2n	.	1346	pi_pixy	0.0103403
AL1G36580.t1.v2.1	1482	PUWS_4n	CESiberia_2n	1343	dxy_pixy	0.011651
AL1G36580.t1.v2.1	1482	UKScandinavia_2n	CESiberia_2n	1345	dxy_pixy	0.0207899
AL1G36580.t1.v2.1	1482	UKScandinavia_2n	PUWS_4n	1344	dxy_pixy	0.0173588
AL1G36580.t1.v2.1	1482	LE_2n	CESiberia_2n	1345	dxy_pixy	0.0129561
AL1G36580.t1.v2.1	1482	UKScandinavia_2n	LE_2n	1346	dxy_pixy	0.0171589
AL1G36580.t1.v2.1	1482	PUWS_4n	LE_2n	1344	dxy_pixy	0.0119196
AL1G36610.t1.v2.1	318	UKScandinavia_2n	.	287	pi_pixy	0.00464576
AL1G36610.t1.v2.1	318	PUWS_4n	.	287	pi_pixy	0.00328165
AL1G36610.t1.v2.1	318	CESiberia_2n	.	287	pi_pixy	0.00496516
AL1G36610.t1.v2.1	318	LE_2n	.	286	pi_pixy	0.0026364
AL1G36610.t1.v2.1	318	PUWS_4n	CESiberia_2n	287	dxy_pixy	0.00460937
AL1G36610.t1.v2.1	318	UKScandinavia_2n	CESiberia_2n	287	dxy_pixy	0.00831882
AL1G36610.t1.v2.1	318	UKScandinavia_2n	PUWS_4n	287	dxy_pixy	0.008075
AL1G36610.t1.v2.1	318	LE_2n	CESiberia_2n	286	dxy_pixy	0.0033551
AL1G36610.t1.v2.1	318	UKScandinavia_2n	LE_2n	286	dxy_pixy	0.00573838
AL1G36610.t1.v2.1	318	PUWS_4n	LE_2n	286	dxy_pixy	0.00246327
AL1G36670.t1.v2.1	234	UKScandinavia_2n	.	215	pi_pixy	0.0191214
AL1G36670.t1.v2.1	234	PUWS_4n	.	215	pi_pixy	0.017608
AL1G36670.t1.v2.1	234	CESiberia_2n	.	215	pi_pixy	0.00965116
AL1G36670.t1.v2.1	234	LE_2n	.	215	pi_pixy	0.00736227
AL1G36670.t1.v2.1	234	PUWS_4n	CESiberia_2n	215	dxy_pixy	0.0148256
AL1G36670.t1.v2.1	234	UKScandinavia_2n	CESiberia_2n	215	dxy_pixy	0.0168023
AL1G36670.t1.v2.1	234	UKScandinavia_2n	PUWS_4n	215	dxy_pixy	0.0190365
AL1G36670.t1.v2.1	234	LE_2n	CESiberia_2n	215	dxy_pixy	0.00880643
AL1G36670.t1.v2.1	234	UKScandinavia_2n	LE_2n	215	dxy_pixy	0.015896
AL1G36670.t1.v2.1	234	PUWS_4n	LE_2n	215	dxy_pixy	0.0135919
AL1G36600.t1.v2.1	1441	UKScandinavia_2n	.	1313	pi_pixy	0.0143522
AL1G36600.t1.v2.1	1441	PUWS_4n	.	1313	pi_pixy	0.0121858
AL1G36600.t1.v2.1	1441	CESiberia_2n	.	1313	pi_pixy	0.00970424
AL1G36600.t1.v2.1	1441	LE_2n	.	1313	pi_pixy	0.0118329
AL1G36600.t1.v2.1	1441	PUWS_4n	CESiberia_2n	1313	dxy_pixy	0.0113834
AL1G36600.t1.v2.1	1441	UKScandinavia_2n	CESiberia_2n	1313	dxy_pixy	0.0255998
AL1G36600.t1.v2.1	1441	UKScandinavia_2n	PUWS_4n	1313	dxy_pixy	0.0251768
AL1G36600.t1.v2.1	1441	LE_2n	CESiberia_2n	1313	dxy_pixy	0.0117154
AL1G36600.t1.v2.1	1441	UKScandinavia_2n	LE_2n	1313	dxy_pixy	0.0257179
AL1G36600.t1.v2.1	1441	PUWS_4n	LE_2n	1313	dxy_pixy	0.0123874
AL1G36680.t1.v2.1	630	UKScandinavia_2n	.	582	pi_pixy	0.0125239
AL1G36680.t1.v2.1	630	PUWS_4n	.	582	pi_pixy	0.0100005
AL1G36680.t1.v2.1	630	CESiberia_2n	.	583	pi_pixy	0.00338765
AL1G36680.t1.v2.1	630	LE_2n	.	583	pi_pixy	0.00701088
AL1G36680.t1.v2.1	630	PUWS_4n	CESiberia_2n	582	dxy_pixy	0.00843059
AL1G36680.t1.v2.1	630	UKScandinavia_2n	CESiberia_2n	582	dxy_pixy	0.0167741
AL1G36680.t1.v2.1	630	UKScandinavia_2n	PUWS_4n	581	dxy_pixy	0.014269
AL1G36680.t1.v2.1	630	LE_2n	CESiberia_2n	583	dxy_pixy	0.00599712
AL1G36680.t1.v2.1	630	UKScandinavia_2n	LE_2n	582	dxy_pixy	0.0167576
AL1G36680.t1.v2.1	630	PUWS_4n	LE_2n	582	dxy_pixy	0.00952811
AL1G36810.t1.v2.1	128	UKScandinavia_2n	.	107	pi_pixy	0.0066459
AL1G36810.t1.v2.1	128	PUWS_4n	.	107	pi_pixy	0.00635415
AL1G36810.t1.v2.1	128	CESiberia_2n	.	107	pi_pixy	0.00350467
AL1G36810.t1.v2.1	128	LE_2n	.	107	pi_pixy	0.00856281
AL1G36810.t1.v2.1	128	PUWS_4n	CESiberia_2n	107	dxy_pixy	0.00540304
AL1G36810.t1.v2.1	128	UKScandinavia_2n	CESiberia_2n	107	dxy_pixy	0.00549065
AL1G36810.t1.v2.1	128	UKScandinavia_2n	PUWS_4n	107	dxy_pixy	0.00674232
AL1G36810.t1.v2.1	128	LE_2n	CESiberia_2n	107	dxy_pixy	0.00724986
AL1G36810.t1.v2.1	128	UKScandinavia_2n	LE_2n	107	dxy_pixy	0.00824629
AL1G36810.t1.v2.1	128	PUWS_4n	LE_2n	107	dxy_pixy	0.00740203
AL1G36640.t1.v2.1	997	UKScandinavia_2n	.	923	pi_pixy	0.000818587
AL1G36640.t1.v2.1	997	PUWS_4n	.	923	pi_pixy	0.00931802
AL1G36640.t1.v2.1	997	CESiberia_2n	.	923	pi_pixy	0.00625921
AL1G36640.t1.v2.1	997	LE_2n	.	923	pi_pixy	0.00901115
AL1G36640.t1.v2.1	997	PUWS_4n	CESiberia_2n	923	dxy_pixy	0.0107186
AL1G36640.t1.v2.1	997	UKScandinavia_2n	CESiberia_2n	923	dxy_pixy	0.0127152
AL1G36640.t1.v2.1	997	UKScandinavia_2n	PUWS_4n	923	dxy_pixy	0.00850488
AL1G36640.t1.v2.1	997	LE_2n	CESiberia_2n	923	dxy_pixy	0.0101747
AL1G36640.t1.v2.1	997	UKScandinavia_2n	LE_2n	923	dxy_pixy	0.00957237
AL1G36640.t1.v2.1	997	PUWS_4n	LE_2n	923	dxy_pixy	0.00968936
AL1G36690.t1.v2.1	317	UKScandinavia_2n	.	292	pi_pixy	0.00852359
AL1G36690.t1.v2.1	317	PUWS_4n	.	292	pi_pixy	0.0136488
AL1G36690.t1.v2.1	317	CESiberia_2n	.	292	pi_pixy	0.00907534
AL1G36690.t1.v2.1	317	LE_2n	.	292	pi_pixy	0.0100247
AL1G36690.t1.v2.1	317	PUWS_4n	CESiberia_2n	292	dxy_pixy	0.0159349
AL1G36690.t1.v2.1	317	UKScandinavia_2n	CESiberia_2n	292	dxy_pixy	0.0217894
AL1G36690.t1.v2.1	317	UKScandinavia_2n	PUWS_4n	292	dxy_pixy	0.025533
AL1G36690.t1.v2.1	317	LE_2n	CESiberia_2n	292	dxy_pixy	0.0118867
AL1G36690.t1.v2.1	317	UKScandinavia_2n	LE_2n	292	dxy_pixy	0.0196245
AL1G36690.t1.v2.1	317	PUWS_4n	LE_2n	292	dxy_pixy	0.0132556
AL1G36620.t1.v2.1	278	UKScandinavia_2n	.	263	pi_pixy	0.0144472
AL1G36620.t1.v2.1	278	PUWS_4n	.	263	pi_pixy	0.0201386
AL1G36620.t1.v2.1	278	CESiberia_2n	.	263	pi_pixy	0.0129911
AL1G36620.t1.v2.1	278	LE_2n	.	263	pi_pixy	0.0179507
AL1G36620.t1.v2.1	278	PUWS_4n	CESiberia_2n	263	dxy_pixy	0.0179518
AL1G36620.t1.v2.1	278	UKScandinavia_2n	CESiberia_2n	263	dxy_pixy	0.0223112
AL1G36620.t1.v2.1	278	UKScandinavia_2n	PUWS_4n	263	dxy_pixy	0.0230048
AL1G36620.t1.v2.1	278	LE_2n	CESiberia_2n	263	dxy_pixy	0.0176813
AL1G36620.t1.v2.1	278	UKScandinavia_2n	LE_2n	263	dxy_pixy	0.0213048
AL1G36620.t1.v2.1	278	PUWS_4n	LE_2n	263	dxy_pixy	0.0191545
AL1G36790.t1.v2.1	354	UKScandinavia_2n	.	319	pi_pixy	0.0121795
AL1G36790.t1.v2.1	354	PUWS_4n	.	317	pi_pixy	0.0125559
AL1G36790.t1.v2.1	354	CESiberia_2n	.	319	pi_pixy	0.0138284
AL1G36790.t1.v2.1	354	LE_2n	.	316	pi_pixy	0.012056
AL1G36790.t1.v2.1	354	PUWS_4n	CESiberia_2n	317	dxy_pixy	0.0146735
AL1G36790.t1.v2.1	354	UKScandinavia_2n	CESiberia_2n	319	dxy_pixy	0.0155014
AL1G36790.t1.v2.1	354	UKScandinavia_2n	PUWS_4n	317	dxy_pixy	0.0148688
AL1G36790.t1.v2.1	354	LE_2n	CESiberia_2n	316	dxy_pixy	0.0125416
AL1G36790.t1.v2.1	354	UKScandinavia_2n	LE_2n	316	dxy_pixy	0.0106144
AL1G36790.t1.v2.1	354	PUWS_4n	LE_2n	316	dxy_pixy	0.014482
AL1G36480.t1.v2.1	950	UKScandinavia_2n	.	874	pi_pixy	0.0109077
AL1G36480.t1.v2.1	950	PUWS_4n	.	873	pi_pixy	0.00338491
AL1G36480.t1.v2.1	950	CESiberia_2n	.	874	pi_pixy	0.0136632
AL1G36480.t1.v2.1	950	LE_2n	.	874	pi_pixy	0.00167036
AL1G36480.t1.v2.1	950	PUWS_4n	CESiberia_2n	873	dxy_pixy	0.00997944
AL1G36480.t1.v2.1	950	UKScandinavia_2n	CESiberia_2n	874	dxy_pixy	0.012972
AL1G36480.t1.v2.1	950	UKScandinavia_2n	PUWS_4n	873	dxy_pixy	0.0075765
AL1G36480.t1.v2.1	950	LE_2n	CESiberia_2n	874	dxy_pixy	0.00900609
AL1G36480.t1.v2.1	950	UKScandinavia_2n	LE_2n	874	dxy_pixy	0.00716786
AL1G36480.t1.v2.1	950	PUWS_4n	LE_2n	873	dxy_pixy	0.00287091
AL1G36300.t1.v2.1	1571	UKScandinavia_2n	.	1446	pi_pixy	0.01415
AL1G36300.t1.v2.1	1571	PUWS_4n	.	1446	pi_pixy	0.0121323
AL1G36300.t1.v2.1	1571	CESiberia_2n	.	1446	pi_pixy	0.00153296
AL1G36300.t1.v2.1	1571	LE_2n	.	1446	pi_pixy	0.00768277
AL1G36300.t1.v2.1	1571	PUWS_4n	CESiberia_2n	1446	dxy_pixy	0.00815244
AL1G36300.t1.v2.1	1571	UKScandinavia_2n	CESiberia_2n	1446	dxy_pixy	0.0114195
AL1G36300.t1.v2.1	1571	UKScandinavia_2n	PUWS_4n	1446	dxy_pixy	0.0165097
AL1G36300.t1.v2.1	1571	LE_2n	CESiberia_2n	1446	dxy_pixy	0.00497162
AL1G36300.t1.v2.1	1571	UKScandinavia_2n	LE_2n	1446	dxy_pixy	0.0131959
AL1G36300.t1.v2.1	1571	PUWS_4n	LE_2n	1446	dxy_pixy	0.0111137
AL1G36820.t1.v2.1	357	UKScandinavia_2n	.	332	pi_pixy	0.00341365
AL1G36820.t1.v2.1	357	PUWS_4n	.	332	pi_pixy	0.00682093
AL1G36820.t1.v2.1	357	CESiberia_2n	.	332	pi_pixy	0.00750502
AL1G36820.t1.v2.1	357	LE_2n	.	332	pi_pixy	0.00652342
AL1G36820.t1.v2.1	357	PUWS_4n	CESiberia_2n	332	dxy_pixy	0.00878066
AL1G36820.t1.v2.1	357	UKScandinavia_2n	CESiberia_2n	332	dxy_pixy	0.00873494
AL1G36820.t1.v2.1	357	UKScandinavia_2n	PUWS_4n	332	dxy_pixy	0.00585198
AL1G36820.t1.v2.1	357	LE_2n	CESiberia_2n	332	dxy_pixy	0.0100881
AL1G36820.t1.v2.1	357	UKScandinavia_2n	LE_2n	332	dxy_pixy	0.0051382
AL1G36820.t1.v2.1	357	PUWS_4n	LE_2n	332	dxy_pixy	0.00757442
AL1G36510.t1.v2.1	1012	UKScandinavia_2n	.	920	pi_pixy	0.000434783
AL1G36510.t1.v2.1	1012	PUWS_4n	.	920	pi_pixy	0.00369795
AL1G36510.t1.v2.1	1012	CESiberia_2n	.	920	pi_pixy	0.00246377
AL1G36510.t1.v2.1	1012	LE_2n	.	920	pi_pixy	0.00228076
AL1G36510.t1.v2.1	1012	PUWS_4n	CESiberia_2n	920	dxy_pixy	0.00328028
AL1G36510.t1.v2.1	1012	UKScandinavia_2n	CESiberia_2n	920	dxy_pixy	0.00222826
AL1G36510.t1.v2.1	1012	UKScandinavia_2n	PUWS_4n	920	dxy_pixy	0.00282609
AL1G36510.t1.v2.1	1012	LE_2n	CESiberia_2n	920	dxy_pixy	0.00345291
AL1G36510.t1.v2.1	1012	UKScandinavia_2n	LE_2n	920	dxy_pixy	0.00324829
AL1G36510.t1.v2.1	1012	PUWS_4n	LE_2n	920	dxy_pixy	0.00345976
AL1G36500.t1.v2.1	1407	UKScandinavia_2n	.	1289	pi_pixy	0.0102233
AL1G36500.t1.v2.1	1407	PUWS_4n	.	1289	pi_pixy	0.0117358
AL1G36500.t1.v2.1	1407	CESiberia_2n	.	1289	pi_pixy	0.00727954
AL1G36500.t1.v2.1	1407	LE_2n	.	1289	pi_pixy	0.00966196
AL1G36500.t1.v2.1	1407	PUWS_4n	CESiberia_2n	1289	dxy_pixy	0.0138003
AL1G36500.t1.v2.1	1407	UKScandinavia_2n	CESiberia_2n	1289	dxy_pixy	0.0129946
AL1G36500.t1.v2.1	1407	UKScandinavia_2n	PUWS_4n	1289	dxy_pixy	0.0150327
AL1G36500.t1.v2.1	1407	LE_2n	CESiberia_2n	1289	dxy_pixy	0.0106618
AL1G36500.t1.v2.1	1407	UKScandinavia_2n	LE_2n	1289	dxy_pixy	0.0127496
AL1G36500.t1.v2.1	1407	PUWS_4n	LE_2n	1289	dxy_pixy	0.0131598
AL1G36990.t1.v2.1	227	UKScandinavia_2n	.	213	pi_pixy	0.00366888
AL1G36990.t1.v2.1	227	PUWS_4n	.	213	pi_pixy	0.00407129
AL1G36990.t1.v2.1	227	CESiberia_2n	.	153	pi_pixy	0.00152505
AL1G36990.t1.v2.1	227	LE_2n	.	163	pi_pixy	0.00364619
AL1G36990.t1.v2.1	227	PUWS_4n	CESiberia_2n	153	dxy_pixy	0.00548246
AL1G36990.t1.v2.1	227	UKScandinavia_2n	CESiberia_2n	153	dxy_pixy	0.0040783
AL1G36990.t1.v2.1	227	UKScandinavia_2n	PUWS_4n	213	dxy_pixy	0.00494617
AL1G36990.t1.v2.1	227	LE_2n	CESiberia_2n	153	dxy_pixy	0.00293156
AL1G36990.t1.v2.1	227	UKScandinavia_2n	LE_2n	163	dxy_pixy	0.00440993
AL1G36990.t1.v2.1	227	PUWS_4n	LE_2n	163	dxy_pixy	0.0054939
AL1G36800.t1.v2.1	394	UKScandinavia_2n	.	363	pi_pixy	0.00391797
AL1G36800.t1.v2.1	394	PUWS_4n	.	363	pi_pixy	0.0081258
AL1G36800.t1.v2.1	394	CESiberia_2n	.	363	pi_pixy	0.000722543
AL1G36800.t1.v2.1	394	LE_2n	.	363	pi_pixy	0.0071359
AL1G36800.t1.v2.1	394	PUWS_4n	CESiberia_2n	363	dxy_pixy	0.0059859
AL1G36800.t1.v2.1	394	UKScandinavia_2n	CESiberia_2n	363	dxy_pixy	0.0189362
AL1G36800.t1.v2.1	394	UKScandinavia_2n	PUWS_4n	363	dxy_pixy	0.0209862
AL1G36800.t1.v2.1	394	LE_2n	CESiberia_2n	363	dxy_pixy	0.00928132
AL1G36800.t1.v2.1	394	UKScandinavia_2n	LE_2n	363	dxy_pixy	0.0205725
AL1G36800.t1.v2.1	394	PUWS_4n	LE_2n	363	dxy_pixy	0.0113163
AL1G36840.t1.v2.1	1572	UKScandinavia_2n	.	1432	pi_pixy	0.00746431
AL1G36840.t1.v2.1	1572	PUWS_4n	.	1432	pi_pixy	0.00641112
AL1G36840.t1.v2.1	1572	CESiberia_2n	.	1432	pi_pixy	0.00390161
AL1G36840.t1.v2.1	1572	LE_2n	.	1432	pi_pixy	0.0056123
AL1G36840.t1.v2.1	1572	PUWS_4n	CESiberia_2n	1432	dxy_pixy	0.00565624
AL1G36840.t1.v2.1	1572	UKScandinavia_2n	CESiberia_2n	1432	dxy_pixy	0.0131156
AL1G36840.t1.v2.1	1572	UKScandinavia_2n	PUWS_4n	1432	dxy_pixy	0.0118205
AL1G36840.t1.v2.1	1572	LE_2n	CESiberia_2n	1432	dxy_pixy	0.00525671
AL1G36840.t1.v2.1	1572	UKScandinavia_2n	LE_2n	1432	dxy_pixy	0.0121707
AL1G36840.t1.v2.1	1572	PUWS_4n	LE_2n	1432	dxy_pixy	0.00605385
AL1G36660.t1.v2.1	1721	UKScandinavia_2n	.	1582	pi_pixy	0.00310437
AL1G36660.t1.v2.1	1721	PUWS_4n	.	1582	pi_pixy	0.00291975
AL1G36660.t1.v2.1	1721	CESiberia_2n	.	1582	pi_pixy	0.00155921
AL1G36660.t1.v2.1	1721	LE_2n	.	1582	pi_pixy	0.00259363
AL1G36660.t1.v2.1	1721	PUWS_4n	CESiberia_2n	1582	dxy_pixy	0.00262157
AL1G36660.t1.v2.1	1721	UKScandinavia_2n	CESiberia_2n	1582	dxy_pixy	0.00480405
AL1G36660.t1.v2.1	1721	UKScandinavia_2n	PUWS_4n	1582	dxy_pixy	0.0051201
AL1G36660.t1.v2.1	1721	LE_2n	CESiberia_2n	1582	dxy_pixy	0.00315562
AL1G36660.t1.v2.1	1721	UKScandinavia_2n	LE_2n	1582	dxy_pixy	0.00643981
AL1G36660.t1.v2.1	1721	PUWS_4n	LE_2n	1582	dxy_pixy	0.00398583
AL1G36880.t1.v2.1	370	UKScandinavia_2n	.	237	pi_pixy	0.00673993
AL1G36880.t1.v2.1	370	PUWS_4n	.	349	pi_pixy	0.0201797
AL1G36880.t1.v2.1	370	CESiberia_2n	.	350	pi_pixy	0.0162008
AL1G36880.t1.v2.1	370	LE_2n	.	349	pi_pixy	0.0135512
AL1G36880.t1.v2.1	370	PUWS_4n	CESiberia_2n	349	dxy_pixy	0.0267397
AL1G36880.t1.v2.1	370	UKScandinavia_2n	CESiberia_2n	237	dxy_pixy	0.0188361
AL1G36880.t1.v2.1	370	UKScandinavia_2n	PUWS_4n	236	dxy_pixy	0.00577778
AL1G36880.t1.v2.1	370	LE_2n	CESiberia_2n	349	dxy_pixy	0.0146254
AL1G36880.t1.v2.1	370	UKScandinavia_2n	LE_2n	237	dxy_pixy	0.0159354
AL1G36880.t1.v2.1	370	PUWS_4n	LE_2n	348	dxy_pixy	0.024021
AL1G36630.t1.v2.1	733	UKScandinavia_2n	.	677	pi_pixy	0.00525193
AL1G36630.t1.v2.1	733	PUWS_4n	.	677	pi_pixy	0.00632125
AL1G36630.t1.v2.1	733	CESiberia_2n	.	677	pi_pixy	0.00151457
AL1G36630.t1.v2.1	733	LE_2n	.	677	pi_pixy	0.00551084
AL1G36630.t1.v2.1	733	PUWS_4n	CESiberia_2n	677	dxy_pixy	0.00496741
AL1G36630.t1.v2.1	733	UKScandinavia_2n	CESiberia_2n	677	dxy_pixy	0.00400739
AL1G36630.t1.v2.1	733	UKScandinavia_2n	PUWS_4n	677	dxy_pixy	0.00674335
AL1G36630.t1.v2.1	733	LE_2n	CESiberia_2n	677	dxy_pixy	0.00402477
AL1G36630.t1.v2.1	733	UKScandinavia_2n	LE_2n	677	dxy_pixy	0.0058476
AL1G36630.t1.v2.1	733	PUWS_4n	LE_2n	677	dxy_pixy	0.00651801
AL1G36490.t1.v2.1	2804	UKScandinavia_2n	.	2573	pi_pixy	0.00485525
AL1G36490.t1.v2.1	2804	PUWS_4n	.	2572	pi_pixy	0.00485695
AL1G36490.t1.v2.1	2804	CESiberia_2n	.	2573	pi_pixy	0.00530185
AL1G36490.t1.v2.1	2804	LE_2n	.	2573	pi_pixy	0.00603553
AL1G36490.t1.v2.1	2804	PUWS_4n	CESiberia_2n	2572	dxy_pixy	0.00604553
AL1G36490.t1.v2.1	2804	UKScandinavia_2n	CESiberia_2n	2573	dxy_pixy	0.00658867
AL1G36490.t1.v2.1	2804	UKScandinavia_2n	PUWS_4n	2572	dxy_pixy	0.00546908
AL1G36490.t1.v2.1	2804	LE_2n	CESiberia_2n	2573	dxy_pixy	0.00704788
AL1G36490.t1.v2.1	2804	UKScandinavia_2n	LE_2n	2573	dxy_pixy	0.00722318
AL1G36490.t1.v2.1	2804	PUWS_4n	LE_2n	2572	dxy_pixy	0.00656308
AL1G37000.t1.v2.1	528	UKScandinavia_2n	.	270	pi_pixy	0.0051963
AL1G37000.t1.v2.1	528	PUWS_4n	.	250	pi_pixy	0
AL1G37000.t1.v2.1	528	CESiberia_2n	.	473	pi_pixy	0.000731083
AL1G37000.t1.v2.1	528	LE_2n	.	519	pi_pixy	0.00112395
AL1G37000.t1.v2.1	528	PUWS_4n	CESiberia_2n	211	dxy_pixy	0.00620396
AL1G37000.t1.v2.1	528	UKScandinavia_2n	CESiberia_2n	270	dxy_pixy	0.0141268
AL1G37000.t1.v2.1	528	UKScandinavia_2n	PUWS_4n	173	dxy_pixy	0.00188324
AL1G37000.t1.v2.1	528	LE_2n	CESiberia_2n	473	dxy_pixy	0.00105854
AL1G37000.t1.v2.1	528	UKScandinavia_2n	LE_2n	270	dxy_pixy	0.0108527
AL1G37000.t1.v2.1	528	PUWS_4n	LE_2n	250	dxy_pixy	0.00489496
AL1G37060.t1.v2.1	614	UKScandinavia_2n	.	505	pi_pixy	0.00861079
AL1G37060.t1.v2.1	614	PUWS_4n	.	511	pi_pixy	0.0105565
AL1G37060.t1.v2.1	614	CESiberia_2n	.	514	pi_pixy	0.0129017
AL1G37060.t1.v2.1	614	LE_2n	.	511	pi_pixy	0.0108114
AL1G37060.t1.v2.1	614	PUWS_4n	CESiberia_2n	511	dxy_pixy	0.0121066
AL1G37060.t1.v2.1	614	UKScandinavia_2n	CESiberia_2n	504	dxy_pixy	0.0146831
AL1G37060.t1.v2.1	614	UKScandinavia_2n	PUWS_4n	501	dxy_pixy	0.0123835
AL1G37060.t1.v2.1	614	LE_2n	CESiberia_2n	511	dxy_pixy	0.0115522
AL1G37060.t1.v2.1	614	UKScandinavia_2n	LE_2n	501	dxy_pixy	0.0113607
AL1G37060.t1.v2.1	614	PUWS_4n	LE_2n	510	dxy_pixy	0.0108801
AL1G36570.t1.v2.1	671	UKScandinavia_2n	.	620	pi_pixy	0.00860215
AL1G36570.t1.v2.1	671	PUWS_4n	.	620	pi_pixy	0.00641748
AL1G36570.t1.v2.1	671	CESiberia_2n	.	620	pi_pixy	0.00278226
AL1G36570.t1.v2.1	671	LE_2n	.	620	pi_pixy	0.00767923
AL1G36570.t1.v2.1	671	PUWS_4n	CESiberia_2n	620	dxy_pixy	0.00485311
AL1G36570.t1.v2.1	671	UKScandinavia_2n	CESiberia_2n	620	dxy_pixy	0.0165726
AL1G36570.t1.v2.1	671	UKScandinavia_2n	PUWS_4n	620	dxy_pixy	0.0186636
AL1G36570.t1.v2.1	671	LE_2n	CESiberia_2n	620	dxy_pixy	0.00580595
AL1G36570.t1.v2.1	671	UKScandinavia_2n	LE_2n	620	dxy_pixy	0.0172587
AL1G36570.t1.v2.1	671	PUWS_4n	LE_2n	620	dxy_pixy	0.00802622
AL1G37030.t1.v2.1	461	UKScandinavia_2n	.	414	pi_pixy	0.00182501
AL1G37030.t1.v2.1	461	PUWS_4n	.	414	pi_pixy	0.00476319
AL1G37030.t1.v2.1	461	CESiberia_2n	.	414	pi_pixy	0.00428744
AL1G37030.t1.v2.1	461	LE_2n	.	414	pi_pixy	0.00232634
AL1G37030.t1.v2.1	461	PUWS_4n	CESiberia_2n	414	dxy_pixy	0.00546956
AL1G37030.t1.v2.1	461	UKScandinavia_2n	CESiberia_2n	414	dxy_pixy	0.00443841
AL1G37030.t1.v2.1	461	UKScandinavia_2n	PUWS_4n	414	dxy_pixy	0.00392598
AL1G37030.t1.v2.1	461	LE_2n	CESiberia_2n	414	dxy_pixy	0.00411278
AL1G37030.t1.v2.1	461	UKScandinavia_2n	LE_2n	414	dxy_pixy	0.00262933
AL1G37030.t1.v2.1	461	PUWS_4n	LE_2n	414	dxy_pixy	0.00378055
AL1G37070.t1.v2.1	435	UKScandinavia_2n	.	398	pi_pixy	0.00642099
AL1G37070.t1.v2.1	435	PUWS_4n	.	398	pi_pixy	0.00340326
AL1G37070.t1.v2.1	435	CESiberia_2n	.	398	pi_pixy	0.000314261
AL1G37070.t1.v2.1	435	LE_2n	.	398	pi_pixy	0.00200199
AL1G37070.t1.v2.1	435	PUWS_4n	CESiberia_2n	398	dxy_pixy	0.00260311
AL1G37070.t1.v2.1	435	UKScandinavia_2n	CESiberia_2n	398	dxy_pixy	0.00493245
AL1G37070.t1.v2.1	435	UKScandinavia_2n	PUWS_4n	398	dxy_pixy	0.00594042
AL1G37070.t1.v2.1	435	LE_2n	CESiberia_2n	398	dxy_pixy	0.00125668
AL1G37070.t1.v2.1	435	UKScandinavia_2n	LE_2n	398	dxy_pixy	0.00536506
AL1G37070.t1.v2.1	435	PUWS_4n	LE_2n	398	dxy_pixy	0.00303513
AL1G36590.t1.v2.1	1657	UKScandinavia_2n	.	1516	pi_pixy	0.00183231
AL1G36590.t1.v2.1	1657	PUWS_4n	.	1515	pi_pixy	0.00568329
AL1G36590.t1.v2.1	1657	CESiberia_2n	.	1515	pi_pixy	0.00466716
AL1G36590.t1.v2.1	1657	LE_2n	.	1516	pi_pixy	0.0050437
AL1G36590.t1.v2.1	1657	PUWS_4n	CESiberia_2n	1515	dxy_pixy	0.0058587
AL1G36590.t1.v2.1	1657	UKScandinavia_2n	CESiberia_2n	1515	dxy_pixy	0.00492196
AL1G36590.t1.v2.1	1657	UKScandinavia_2n	PUWS_4n	1515	dxy_pixy	0.0052027
AL1G36590.t1.v2.1	1657	LE_2n	CESiberia_2n	1515	dxy_pixy	0.00544493
AL1G36590.t1.v2.1	1657	UKScandinavia_2n	LE_2n	1516	dxy_pixy	0.00552374
AL1G36590.t1.v2.1	1657	PUWS_4n	LE_2n	1515	dxy_pixy	0.00578765
AL1G37040.t1.v2.1	454	UKScandinavia_2n	.	427	pi_pixy	0
AL1G37040.t1.v2.1	454	PUWS_4n	.	427	pi_pixy	0.00927936
AL1G37040.t1.v2.1	454	CESiberia_2n	.	427	pi_pixy	0.000880178
AL1G37040.t1.v2.1	454	LE_2n	.	427	pi_pixy	0.00547283
AL1G37040.t1.v2.1	454	PUWS_4n	CESiberia_2n	427	dxy_pixy	0.00696598
AL1G37040.t1.v2.1	454	UKScandinavia_2n	CESiberia_2n	427	dxy_pixy	0.00542522
AL1G37040.t1.v2.1	454	UKScandinavia_2n	PUWS_4n	427	dxy_pixy	0.00736525
AL1G37040.t1.v2.1	454	LE_2n	CESiberia_2n	427	dxy_pixy	0.0137485
AL1G37040.t1.v2.1	454	UKScandinavia_2n	LE_2n	427	dxy_pixy	0.00943656
AL1G37040.t1.v2.1	454	PUWS_4n	LE_2n	427	dxy_pixy	0.0106786
AL1G36920.t1.v2.1	468	UKScandinavia_2n	.	426	pi_pixy	0.00459051
AL1G36920.t1.v2.1	468	PUWS_4n	.	426	pi_pixy	0.0276784
AL1G36920.t1.v2.1	468	CESiberia_2n	.	426	pi_pixy	0.00758998
AL1G36920.t1.v2.1	468	LE_2n	.	426	pi_pixy	0.012706
AL1G36920.t1.v2.1	468	PUWS_4n	CESiberia_2n	426	dxy_pixy	0.0227406
AL1G36920.t1.v2.1	468	UKScandinavia_2n	CESiberia_2n	426	dxy_pixy	0.0106808
AL1G36920.t1.v2.1	468	UKScandinavia_2n	PUWS_4n	426	dxy_pixy	0.0249497
AL1G36920.t1.v2.1	468	LE_2n	CESiberia_2n	426	dxy_pixy	0.0146738
AL1G36920.t1.v2.1	468	UKScandinavia_2n	LE_2n	426	dxy_pixy	0.0211677
AL1G36920.t1.v2.1	468	PUWS_4n	LE_2n	426	dxy_pixy	0.0224919
AL1G36430.t1.v2.1	1514	UKScandinavia_2n	.	1384	pi_pixy	0.00878292
AL1G36430.t1.v2.1	1514	PUWS_4n	.	1383	pi_pixy	0.00781217
AL1G36430.t1.v2.1	1514	CESiberia_2n	.	1384	pi_pixy	0.00419677
AL1G36430.t1.v2.1	1514	LE_2n	.	1384	pi_pixy	0.00348263
AL1G36430.t1.v2.1	1514	PUWS_4n	CESiberia_2n	1383	dxy_pixy	0.00658506
AL1G36430.t1.v2.1	1514	UKScandinavia_2n	CESiberia_2n	1384	dxy_pixy	0.0104769
AL1G36430.t1.v2.1	1514	UKScandinavia_2n	PUWS_4n	1383	dxy_pixy	0.0122198
AL1G36430.t1.v2.1	1514	LE_2n	CESiberia_2n	1384	dxy_pixy	0.00429276
AL1G36430.t1.v2.1	1514	UKScandinavia_2n	LE_2n	1384	dxy_pixy	0.00990309
AL1G36430.t1.v2.1	1514	PUWS_4n	LE_2n	1383	dxy_pixy	0.00662152
AL1G37130.t1.v2.1	411	UKScandinavia_2n	.	378	pi_pixy	0.00870076
AL1G37130.t1.v2.1	411	PUWS_4n	.	378	pi_pixy	0.00415722
AL1G37130.t1.v2.1	411	CESiberia_2n	.	378	pi_pixy	0.00489418
AL1G37130.t1.v2.1	411	LE_2n	.	378	pi_pixy	0.00607381
AL1G37130.t1.v2.1	411	PUWS_4n	CESiberia_2n	378	dxy_pixy	0.00470049
AL1G37130.t1.v2.1	411	UKScandinavia_2n	CESiberia_2n	378	dxy_pixy	0.010582
AL1G37130.t1.v2.1	411	UKScandinavia_2n	PUWS_4n	378	dxy_pixy	0.00961829
AL1G37130.t1.v2.1	411	LE_2n	CESiberia_2n	378	dxy_pixy	0.00608855
AL1G37130.t1.v2.1	411	UKScandinavia_2n	LE_2n	378	dxy_pixy	0.0115002
AL1G37130.t1.v2.1	411	PUWS_4n	LE_2n	378	dxy_pixy	0.00631364
AL1G37080.t1.v2.1	443	UKScandinavia_2n	.	414	pi_pixy	0.0205908
AL1G37080.t1.v2.1	443	PUWS_4n	.	413	pi_pixy	0.023569
AL1G37080.t1.v2.1	443	CESiberia_2n	.	414	pi_pixy	0.020248
AL1G37080.t1.v2.1	443	LE_2n	.	413	pi_pixy	0.0206582
AL1G37080.t1.v2.1	443	PUWS_4n	CESiberia_2n	413	dxy_pixy	0.0212453
AL1G37080.t1.v2.1	443	UKScandinavia_2n	CESiberia_2n	414	dxy_pixy	0.0353281
AL1G37080.t1.v2.1	443	UKScandinavia_2n	PUWS_4n	413	dxy_pixy	0.0319334
AL1G37080.t1.v2.1	443	LE_2n	CESiberia_2n	413	dxy_pixy	0.0201312
AL1G37080.t1.v2.1	443	UKScandinavia_2n	LE_2n	413	dxy_pixy	0.0335377
AL1G37080.t1.v2.1	443	PUWS_4n	LE_2n	412	dxy_pixy	0.0215772
AL1G36870.t1.v2.1	1371	UKScandinavia_2n	.	1240	pi_pixy	0.00435484
AL1G36870.t1.v2.1	1371	PUWS_4n	.	1240	pi_pixy	0.00990884
AL1G36870.t1.v2.1	1371	CESiberia_2n	.	1240	pi_pixy	0.00627486
AL1G36870.t1.v2.1	1371	LE_2n	.	1240	pi_pixy	0.00863817
AL1G36870.t1.v2.1	1371	PUWS_4n	CESiberia_2n	1240	dxy_pixy	0.0095361
AL1G36870.t1.v2.1	1371	UKScandinavia_2n	CESiberia_2n	1240	dxy_pixy	0.0118718
AL1G36870.t1.v2.1	1371	UKScandinavia_2n	PUWS_4n	1240	dxy_pixy	0.0118973
AL1G36870.t1.v2.1	1371	LE_2n	CESiberia_2n	1240	dxy_pixy	0.010063
AL1G36870.t1.v2.1	1371	UKScandinavia_2n	LE_2n	1240	dxy_pixy	0.00954763
AL1G36870.t1.v2.1	1371	PUWS_4n	LE_2n	1240	dxy_pixy	0.011724
AL1G36520.t1.v2.1	1876	UKScandinavia_2n	.	1710	pi_pixy	0.00071475
AL1G36520.t1.v2.1	1876	PUWS_4n	.	1710	pi_pixy	0.00601658
AL1G36520.t1.v2.1	1876	CESiberia_2n	.	1710	pi_pixy	0.00421053
AL1G36520.t1.v2.1	1876	LE_2n	.	1710	pi_pixy	0.00504042
AL1G36520.t1.v2.1	1876	PUWS_4n	CESiberia_2n	1710	dxy_pixy	0.00621606
AL1G36520.t1.v2.1	1876	UKScandinavia_2n	CESiberia_2n	1710	dxy_pixy	0.00422515
AL1G36520.t1.v2.1	1876	UKScandinavia_2n	PUWS_4n	1710	dxy_pixy	0.00534252
AL1G36520.t1.v2.1	1876	LE_2n	CESiberia_2n	1710	dxy_pixy	0.00633622
AL1G36520.t1.v2.1	1876	UKScandinavia_2n	LE_2n	1710	dxy_pixy	0.00582063
AL1G36520.t1.v2.1	1876	PUWS_4n	LE_2n	1710	dxy_pixy	0.00622902
AL1G37120.t1.v2.1	1173	UKScandinavia_2n	.	1065	pi_pixy	0.00659364
AL1G37120.t1.v2.1	1173	PUWS_4n	.	1065	pi_pixy	0.00469732
AL1G37120.t1.v2.1	1173	CESiberia_2n	.	1065	pi_pixy	0.00161189
AL1G37120.t1.v2.1	1173	LE_2n	.	1065	pi_pixy	0.00298293
AL1G37120.t1.v2.1	1173	PUWS_4n	CESiberia_2n	1065	dxy_pixy	0.00420439
AL1G37120.t1.v2.1	1173	UKScandinavia_2n	CESiberia_2n	1065	dxy_pixy	0.0120188
AL1G37120.t1.v2.1	1173	UKScandinavia_2n	PUWS_4n	1065	dxy_pixy	0.0117505
AL1G37120.t1.v2.1	1173	LE_2n	CESiberia_2n	1065	dxy_pixy	0.00247873
AL1G37120.t1.v2.1	1173	UKScandinavia_2n	LE_2n	1065	dxy_pixy	0.0114781
AL1G37120.t1.v2.1	1173	PUWS_4n	LE_2n	1065	dxy_pixy	0.0042315
AL1G37010.t1.v2.1	882	UKScandinavia_2n	.	803	pi_pixy	0.0212014
AL1G37010.t1.v2.1	882	PUWS_4n	.	800	pi_pixy	0.0135086
AL1G37010.t1.v2.1	882	CESiberia_2n	.	798	pi_pixy	0.0132742
AL1G37010.t1.v2.1	882	LE_2n	.	801	pi_pixy	0.0230003
AL1G37010.t1.v2.1	882	PUWS_4n	CESiberia_2n	796	dxy_pixy	0.0205391
AL1G37010.t1.v2.1	882	UKScandinavia_2n	CESiberia_2n	798	dxy_pixy	0.0200327
AL1G37010.t1.v2.1	882	UKScandinavia_2n	PUWS_4n	800	dxy_pixy	0.0195426
AL1G37010.t1.v2.1	882	LE_2n	CESiberia_2n	796	dxy_pixy	0.0234443
AL1G37010.t1.v2.1	882	UKScandinavia_2n	LE_2n	800	dxy_pixy	0.0270663
AL1G37010.t1.v2.1	882	PUWS_4n	LE_2n	798	dxy_pixy	0.0239119
AL1G36830.t1.v2.1	468	UKScandinavia_2n	.	391	pi_pixy	0.00651689
AL1G36830.t1.v2.1	468	PUWS_4n	.	388	pi_pixy	0.0192055
AL1G36830.t1.v2.1	468	CESiberia_2n	.	390	pi_pixy	0.0143758
AL1G36830.t1.v2.1	468	LE_2n	.	390	pi_pixy	0.017392
AL1G36830.t1.v2.1	468	PUWS_4n	CESiberia_2n	388	dxy_pixy	0.017965
AL1G36830.t1.v2.1	468	UKScandinavia_2n	CESiberia_2n	390	dxy_pixy	0.0257441
AL1G36830.t1.v2.1	468	UKScandinavia_2n	PUWS_4n	388	dxy_pixy	0.0208549
AL1G36830.t1.v2.1	468	LE_2n	CESiberia_2n	389	dxy_pixy	0.0220933
AL1G36830.t1.v2.1	468	UKScandinavia_2n	LE_2n	390	dxy_pixy	0.0160687
AL1G36830.t1.v2.1	468	PUWS_4n	LE_2n	387	dxy_pixy	0.0204056
AL1G37150.t1.v2.1	415	UKScandinavia_2n	.	390	pi_pixy	0.0116809
AL1G37150.t1.v2.1	415	PUWS_4n	.	388	pi_pixy	0.0127434
AL1G37150.t1.v2.1	415	CESiberia_2n	.	390	pi_pixy	0.0149786
AL1G37150.t1.v2.1	415	LE_2n	.	390	pi_pixy	0.00674619
AL1G37150.t1.v2.1	415	PUWS_4n	CESiberia_2n	388	dxy_pixy	0.0135654
AL1G37150.t1.v2.1	415	UKScandinavia_2n	CESiberia_2n	390	dxy_pixy	0.0180769
AL1G37150.t1.v2.1	415	UKScandinavia_2n	PUWS_4n	388	dxy_pixy	0.0146171
AL1G37150.t1.v2.1	415	LE_2n	CESiberia_2n	390	dxy_pixy	0.0117836
AL1G37150.t1.v2.1	415	UKScandinavia_2n	LE_2n	390	dxy_pixy	0.0130468
AL1G37150.t1.v2.1	415	PUWS_4n	LE_2n	388	dxy_pixy	0.00994109
AL1G37200.t1.v2.1	393	UKScandinavia_2n	.	356	pi_pixy	0.00636704
AL1G37200.t1.v2.1	393	PUWS_4n	.	356	pi_pixy	0.00797089
AL1G37200.t1.v2.1	393	CESiberia_2n	.	356	pi_pixy	0.00147472
AL1G37200.t1.v2.1	393	LE_2n	.	356	pi_pixy	0.00221314
AL1G37200.t1.v2.1	393	PUWS_4n	CESiberia_2n	356	dxy_pixy	0.00549699
AL1G37200.t1.v2.1	393	UKScandinavia_2n	CESiberia_2n	356	dxy_pixy	0.00593399
AL1G37200.t1.v2.1	393	UKScandinavia_2n	PUWS_4n	356	dxy_pixy	0.00835341
AL1G37200.t1.v2.1	393	LE_2n	CESiberia_2n	356	dxy_pixy	0.00195183
AL1G37200.t1.v2.1	393	UKScandinavia_2n	LE_2n	356	dxy_pixy	0.00584931
AL1G37200.t1.v2.1	393	PUWS_4n	LE_2n	356	dxy_pixy	0.00561658
AL1G36320.t1.v2.1	3202	UKScandinavia_2n	.	2943	pi_pixy	0.000203874
AL1G36320.t1.v2.1	3202	PUWS_4n	.	2943	pi_pixy	0.00332688
AL1G36320.t1.v2.1	3202	CESiberia_2n	.	2943	pi_pixy	0.000937252
AL1G36320.t1.v2.1	3202	LE_2n	.	2943	pi_pixy	0.00135513
AL1G36320.t1.v2.1	3202	PUWS_4n	CESiberia_2n	2943	dxy_pixy	0.00240431
AL1G36320.t1.v2.1	3202	UKScandinavia_2n	CESiberia_2n	2943	dxy_pixy	0.00307085
AL1G36320.t1.v2.1	3202	UKScandinavia_2n	PUWS_4n	2943	dxy_pixy	0.00373526
AL1G36320.t1.v2.1	3202	LE_2n	CESiberia_2n	2943	dxy_pixy	0.00142298
AL1G36320.t1.v2.1	3202	UKScandinavia_2n	LE_2n	2943	dxy_pixy	0.00322226
AL1G36320.t1.v2.1	3202	PUWS_4n	LE_2n	2943	dxy_pixy	0.00248294
AL1G37230.t1.v2.1	610	UKScandinavia_2n	.	555	pi_pixy	0.00452452
AL1G37230.t1.v2.1	610	PUWS_4n	.	555	pi_pixy	0.0048334
AL1G37230.t1.v2.1	610	CESiberia_2n	.	555	pi_pixy	0.0083033
AL1G37230.t1.v2.1	610	LE_2n	.	555	pi_pixy	0.00358556
AL1G37230.t1.v2.1	610	PUWS_4n	CESiberia_2n	555	dxy_pixy	0.00713884
AL1G37230.t1.v2.1	610	UKScandinavia_2n	CESiberia_2n	555	dxy_pixy	0.00813063
AL1G37230.t1.v2.1	610	UKScandinavia_2n	PUWS_4n	555	dxy_pixy	0.00628057
AL1G37230.t1.v2.1	610	LE_2n	CESiberia_2n	555	dxy_pixy	0.00719127
AL1G37230.t1.v2.1	610	UKScandinavia_2n	LE_2n	555	dxy_pixy	0.00634006
AL1G37230.t1.v2.1	610	PUWS_4n	LE_2n	555	dxy_pixy	0.00552544
AL1G37140.t1.v2.1	968	UKScandinavia_2n	.	905	pi_pixy	0.0148312
AL1G37140.t1.v2.1	968	PUWS_4n	.	904	pi_pixy	0.0119167
AL1G37140.t1.v2.1	968	CESiberia_2n	.	905	pi_pixy	0.00720994
AL1G37140.t1.v2.1	968	LE_2n	.	904	pi_pixy	0.013729
AL1G37140.t1.v2.1	968	PUWS_4n	CESiberia_2n	904	dxy_pixy	0.0106346
AL1G37140.t1.v2.1	968	UKScandinavia_2n	CESiberia_2n	905	dxy_pixy	0.0149862
AL1G37140.t1.v2.1	968	UKScandinavia_2n	PUWS_4n	904	dxy_pixy	0.0151767
AL1G37140.t1.v2.1	968	LE_2n	CESiberia_2n	904	dxy_pixy	0.0118854
AL1G37140.t1.v2.1	968	UKScandinavia_2n	LE_2n	904	dxy_pixy	0.0160795
AL1G37140.t1.v2.1	968	PUWS_4n	LE_2n	904	dxy_pixy	0.0131262
AL1G37290.t1.v2.1	435	UKScandinavia_2n	.	394	pi_pixy	0.00580936
AL1G37290.t1.v2.1	435	PUWS_4n	.	394	pi_pixy	0.00641904
AL1G37290.t1.v2.1	435	CESiberia_2n	.	394	pi_pixy	0.0017978
AL1G37290.t1.v2.1	435	LE_2n	.	394	pi_pixy	0.00480017
AL1G37290.t1.v2.1	435	PUWS_4n	CESiberia_2n	394	dxy_pixy	0.0051328
AL1G37290.t1.v2.1	435	UKScandinavia_2n	CESiberia_2n	394	dxy_pixy	0.00866117
AL1G37290.t1.v2.1	435	UKScandinavia_2n	PUWS_4n	394	dxy_pixy	0.00937273
AL1G37290.t1.v2.1	435	LE_2n	CESiberia_2n	394	dxy_pixy	0.00390042
AL1G37290.t1.v2.1	435	UKScandinavia_2n	LE_2n	394	dxy_pixy	0.0095103
AL1G37290.t1.v2.1	435	PUWS_4n	LE_2n	394	dxy_pixy	0.00608924
AL1G36850.t1.v2.1	2097	UKScandinavia_2n	.	1938	pi_pixy	0.00490769
AL1G36850.t1.v2.1	2097	PUWS_4n	.	1939	pi_pixy	0.016769
AL1G36850.t1.v2.1	2097	CESiberia_2n	.	1939	pi_pixy	0.00999226
AL1G36850.t1.v2.1	2097	LE_2n	.	1939	pi_pixy	0.011428
AL1G36850.t1.v2.1	2097	PUWS_4n	CESiberia_2n	1939	dxy_pixy	0.01443
AL1G36850.t1.v2.1	2097	UKScandinavia_2n	CESiberia_2n	1938	dxy_pixy	0.0252064
AL1G36850.t1.v2.1	2097	UKScandinavia_2n	PUWS_4n	1938	dxy_pixy	0.0212926
AL1G36850.t1.v2.1	2097	LE_2n	CESiberia_2n	1939	dxy_pixy	0.0115836
AL1G36850.t1.v2.1	2097	UKScandinavia_2n	LE_2n	1938	dxy_pixy	0.0208008
AL1G36850.t1.v2.1	2097	PUWS_4n	LE_2n	1939	dxy_pixy	0.0147294
AL1G37050.t1.v2.1	740	UKScandinavia_2n	.	581	pi_pixy	0.0130185
AL1G37050.t1.v2.1	740	PUWS_4n	.	686	pi_pixy	0.00562594
AL1G37050.t1.v2.1	740	CESiberia_2n	.	686	pi_pixy	0.00403304
AL1G37050.t1.v2.1	740	LE_2n	.	685	pi_pixy	0.00895325
AL1G37050.t1.v2.1	740	PUWS_4n	CESiberia_2n	686	dxy_pixy	0.00524115
AL1G37050.t1.v2.1	740	UKScandinavia_2n	CESiberia_2n	581	dxy_pixy	0.0168521
AL1G37050.t1.v2.1	740	UKScandinavia_2n	PUWS_4n	581	dxy_pixy	0.0149743
AL1G37050.t1.v2.1	740	LE_2n	CESiberia_2n	685	dxy_pixy	0.00736314
AL1G37050.t1.v2.1	740	UKScandinavia_2n	LE_2n	580	dxy_pixy	0.016277
AL1G37050.t1.v2.1	740	PUWS_4n	LE_2n	685	dxy_pixy	0.0073071
AL1G37340.t1.v2.1	580	UKScandinavia_2n	.	521	pi_pixy	0.0172347
AL1G37340.t1.v2.1	580	PUWS_4n	.	518	pi_pixy	0.0124892
AL1G37340.t1.v2.1	580	CESiberia_2n	.	521	pi_pixy	0.0114943
AL1G37340.t1.v2.1	580	LE_2n	.	520	pi_pixy	0.0121756
AL1G37340.t1.v2.1	580	PUWS_4n	CESiberia_2n	518	dxy_pixy	0.0134103
AL1G37340.t1.v2.1	580	UKScandinavia_2n	CESiberia_2n	521	dxy_pixy	0.0255956
AL1G37340.t1.v2.1	580	UKScandinavia_2n	PUWS_4n	518	dxy_pixy	0.0243954
AL1G37340.t1.v2.1	580	LE_2n	CESiberia_2n	520	dxy_pixy	0.0118888
AL1G37340.t1.v2.1	580	UKScandinavia_2n	LE_2n	520	dxy_pixy	0.0266775
AL1G37340.t1.v2.1	580	PUWS_4n	LE_2n	517	dxy_pixy	0.0142882
AL1G37170.t1.v2.1	880	UKScandinavia_2n	.	812	pi_pixy	0.00591133
AL1G37170.t1.v2.1	880	PUWS_4n	.	812	pi_pixy	0.00206884
AL1G37170.t1.v2.1	880	CESiberia_2n	.	812	pi_pixy	0.000153941
AL1G37170.t1.v2.1	880	LE_2n	.	812	pi_pixy	0.00124049
AL1G37170.t1.v2.1	880	PUWS_4n	CESiberia_2n	812	dxy_pixy	0.00117655
AL1G37170.t1.v2.1	880	UKScandinavia_2n	CESiberia_2n	812	dxy_pixy	0.00500308
AL1G37170.t1.v2.1	880	UKScandinavia_2n	PUWS_4n	812	dxy_pixy	0.00591133
AL1G37170.t1.v2.1	880	LE_2n	CESiberia_2n	812	dxy_pixy	0.00112747
AL1G37170.t1.v2.1	880	UKScandinavia_2n	LE_2n	812	dxy_pixy	0.00583931
AL1G37170.t1.v2.1	880	PUWS_4n	LE_2n	812	dxy_pixy	0.00208806
AL1G36650.t1.v2.1	1649	UKScandinavia_2n	.	1520	pi_pixy	0.00573099
AL1G36650.t1.v2.1	1649	PUWS_4n	.	1520	pi_pixy	0.00380046
AL1G36650.t1.v2.1	1649	CESiberia_2n	.	1520	pi_pixy	0.00270833
AL1G36650.t1.v2.1	1649	LE_2n	.	1520	pi_pixy	0.00350083
AL1G36650.t1.v2.1	1649	PUWS_4n	CESiberia_2n	1520	dxy_pixy	0.00392427
AL1G36650.t1.v2.1	1649	UKScandinavia_2n	CESiberia_2n	1520	dxy_pixy	0.00597039
AL1G36650.t1.v2.1	1649	UKScandinavia_2n	PUWS_4n	1520	dxy_pixy	0.00657065
AL1G36650.t1.v2.1	1649	LE_2n	CESiberia_2n	1520	dxy_pixy	0.00349762
AL1G36650.t1.v2.1	1649	UKScandinavia_2n	LE_2n	1520	dxy_pixy	0.0059058
AL1G36650.t1.v2.1	1649	PUWS_4n	LE_2n	1520	dxy_pixy	0.00396074
AL1G37400.t1.v2.1	547	UKScandinavia_2n	.	489	pi_pixy	0.00392802
AL1G37400.t1.v2.1	547	PUWS_4n	.	489	pi_pixy	0.00946564
AL1G37400.t1.v2.1	547	CESiberia_2n	.	489	pi_pixy	0.00700448
AL1G37400.t1.v2.1	547	LE_2n	.	489	pi_pixy	0.00692809
AL1G37400.t1.v2.1	547	PUWS_4n	CESiberia_2n	489	dxy_pixy	0.0099347
AL1G37400.t1.v2.1	547	UKScandinavia_2n	CESiberia_2n	489	dxy_pixy	0.00808273
AL1G37400.t1.v2.1	547	UKScandinavia_2n	PUWS_4n	489	dxy_pixy	0.00792821
AL1G37400.t1.v2.1	547	LE_2n	CESiberia_2n	489	dxy_pixy	0.00734688
AL1G37400.t1.v2.1	547	UKScandinavia_2n	LE_2n	489	dxy_pixy	0.00705621
AL1G37400.t1.v2.1	547	PUWS_4n	LE_2n	489	dxy_pixy	0.00929831
AL1G37190.t1.v2.1	1454	UKScandinavia_2n	.	1325	pi_pixy	0.00925786
AL1G37190.t1.v2.1	1454	PUWS_4n	.	1325	pi_pixy	0.011359
AL1G37190.t1.v2.1	1454	CESiberia_2n	.	1325	pi_pixy	0.00794969
AL1G37190.t1.v2.1	1454	LE_2n	.	1325	pi_pixy	0.00740038
AL1G37190.t1.v2.1	1454	PUWS_4n	CESiberia_2n	1325	dxy_pixy	0.0112883
AL1G37190.t1.v2.1	1454	UKScandinavia_2n	CESiberia_2n	1325	dxy_pixy	0.012217
AL1G37190.t1.v2.1	1454	UKScandinavia_2n	PUWS_4n	1325	dxy_pixy	0.0118288
AL1G37190.t1.v2.1	1454	LE_2n	CESiberia_2n	1325	dxy_pixy	0.00835961
AL1G37190.t1.v2.1	1454	UKScandinavia_2n	LE_2n	1325	dxy_pixy	0.0108664
AL1G37190.t1.v2.1	1454	PUWS_4n	LE_2n	1325	dxy_pixy	0.0102575
AL1G36400.t1.v2.1	2692	UKScandinavia_2n	.	2449	pi_pixy	0.00533551
AL1G36400.t1.v2.1	2692	PUWS_4n	.	2449	pi_pixy	0.00343121
AL1G36400.t1.v2.1	2692	CESiberia_2n	.	2449	pi_pixy	0.00181026
AL1G36400.t1.v2.1	2692	LE_2n	.	2449	pi_pixy	0.00228912
AL1G36400.t1.v2.1	2692	PUWS_4n	CESiberia_2n	2449	dxy_pixy	0.00290587
AL1G36400.t1.v2.1	2692	UKScandinavia_2n	CESiberia_2n	2449	dxy_pixy	0.00768681
AL1G36400.t1.v2.1	2692	UKScandinavia_2n	PUWS_4n	2449	dxy_pixy	0.00841209
AL1G36400.t1.v2.1	2692	LE_2n	CESiberia_2n	2449	dxy_pixy	0.003094
AL1G36400.t1.v2.1	2692	UKScandinavia_2n	LE_2n	2449	dxy_pixy	0.00865419
AL1G36400.t1.v2.1	2692	PUWS_4n	LE_2n	2449	dxy_pixy	0.00398488
AL1G37210.t1.v2.1	636	UKScandinavia_2n	.	562	pi_pixy	0.00158165
AL1G37210.t1.v2.1	636	PUWS_4n	.	563	pi_pixy	0.00280527
AL1G37210.t1.v2.1	636	CESiberia_2n	.	563	pi_pixy	0.00313795
AL1G37210.t1.v2.1	636	LE_2n	.	563	pi_pixy	0.00192501
AL1G37210.t1.v2.1	636	PUWS_4n	CESiberia_2n	563	dxy_pixy	0.00342553
AL1G37210.t1.v2.1	636	UKScandinavia_2n	CESiberia_2n	562	dxy_pixy	0.00329181
AL1G37210.t1.v2.1	636	UKScandinavia_2n	PUWS_4n	562	dxy_pixy	0.00252923
AL1G37210.t1.v2.1	636	LE_2n	CESiberia_2n	563	dxy_pixy	0.00288632
AL1G37210.t1.v2.1	636	UKScandinavia_2n	LE_2n	562	dxy_pixy	0.00263764
AL1G37210.t1.v2.1	636	PUWS_4n	LE_2n	563	dxy_pixy	0.0028005
AL1G37350.t1.v2.1	598	UKScandinavia_2n	.	557	pi_pixy	0.00553572
AL1G37350.t1.v2.1	598	PUWS_4n	.	557	pi_pixy	0.0106058
AL1G37350.t1.v2.1	598	CESiberia_2n	.	557	pi_pixy	0.00846798
AL1G37350.t1.v2.1	598	LE_2n	.	557	pi_pixy	0.00736694
AL1G37350.t1.v2.1	598	PUWS_4n	CESiberia_2n	557	dxy_pixy	0.0142825
AL1G37350.t1.v2.1	598	UKScandinavia_2n	CESiberia_2n	557	dxy_pixy	0.0141115
AL1G37350.t1.v2.1	598	UKScandinavia_2n	PUWS_4n	557	dxy_pixy	0.0108287
AL1G37350.t1.v2.1	598	LE_2n	CESiberia_2n	557	dxy_pixy	0.0137158
AL1G37350.t1.v2.1	598	UKScandinavia_2n	LE_2n	557	dxy_pixy	0.00928848
AL1G37350.t1.v2.1	598	PUWS_4n	LE_2n	557	dxy_pixy	0.0105004
AL1G37260.t1.v2.1	521	UKScandinavia_2n	.	475	pi_pixy	0.00159064
AL1G37260.t1.v2.1	521	PUWS_4n	.	475	pi_pixy	0.00453356
AL1G37260.t1.v2.1	521	CESiberia_2n	.	475	pi_pixy	0.00198246
AL1G37260.t1.v2.1	521	LE_2n	.	475	pi_pixy	0.00206774
AL1G37260.t1.v2.1	521	PUWS_4n	CESiberia_2n	475	dxy_pixy	0.0037406
AL1G37260.t1.v2.1	521	UKScandinavia_2n	CESiberia_2n	475	dxy_pixy	0.00465789
AL1G37260.t1.v2.1	521	UKScandinavia_2n	PUWS_4n	475	dxy_pixy	0.00439098
AL1G37260.t1.v2.1	521	LE_2n	CESiberia_2n	475	dxy_pixy	0.00251548
AL1G37260.t1.v2.1	521	UKScandinavia_2n	LE_2n	475	dxy_pixy	0.00568421
AL1G37260.t1.v2.1	521	PUWS_4n	LE_2n	475	dxy_pixy	0.00434321
AL1G36860.t1.v2.1	1657	UKScandinavia_2n	.	1502	pi_pixy	0.00845012
AL1G36860.t1.v2.1	1657	PUWS_4n	.	1501	pi_pixy	0.0059451
AL1G36860.t1.v2.1	1657	CESiberia_2n	.	1502	pi_pixy	0.00337328
AL1G36860.t1.v2.1	1657	LE_2n	.	1502	pi_pixy	0.00097434
AL1G36860.t1.v2.1	1657	PUWS_4n	CESiberia_2n	1501	dxy_pixy	0.00498275
AL1G36860.t1.v2.1	1657	UKScandinavia_2n	CESiberia_2n	1502	dxy_pixy	0.0082193
AL1G36860.t1.v2.1	1657	UKScandinavia_2n	PUWS_4n	1501	dxy_pixy	0.00766851
AL1G36860.t1.v2.1	1657	LE_2n	CESiberia_2n	1502	dxy_pixy	0.00299233
AL1G36860.t1.v2.1	1657	UKScandinavia_2n	LE_2n	1502	dxy_pixy	0.00675464
AL1G36860.t1.v2.1	1657	PUWS_4n	LE_2n	1501	dxy_pixy	0.0039421
AL1G37160.t1.v2.1	667	UKScandinavia_2n	.	602	pi_pixy	0.0126615
AL1G37160.t1.v2.1	667	PUWS_4n	.	602	pi_pixy	0.0127674
AL1G37160.t1.v2.1	667	CESiberia_2n	.	603	pi_pixy	0.0140547
AL1G37160.t1.v2.1	667	LE_2n	.	602	pi_pixy	0.0130225
AL1G37160.t1.v2.1	667	PUWS_4n	CESiberia_2n	602	dxy_pixy	0.0136111
AL1G37160.t1.v2.1	667	UKScandinavia_2n	CESiberia_2n	602	dxy_pixy	0.0170058
AL1G37160.t1.v2.1	667	UKScandinavia_2n	PUWS_4n	601	dxy_pixy	0.0168925
AL1G37160.t1.v2.1	667	LE_2n	CESiberia_2n	602	dxy_pixy	0.0140341
AL1G37160.t1.v2.1	667	UKScandinavia_2n	LE_2n	601	dxy_pixy	0.0161006
AL1G37160.t1.v2.1	667	PUWS_4n	LE_2n	601	dxy_pixy	0.0135451
AL5G20950.t1.v2.1	7	UKScandinavia_2n	.	7	pi_pixy	0
AL5G20950.t1.v2.1	7	PUWS_4n	.	7	pi_pixy	0
AL5G20950.t1.v2.1	7	CESiberia_2n	.	7	pi_pixy	0.0306905
AL5G20950.t1.v2.1	7	LE_2n	.	7	pi_pixy	0.038493
AL5G20950.t1.v2.1	7	PUWS_4n	CESiberia_2n	7	dxy_pixy	0.0185185
AL5G20950.t1.v2.1	7	UKScandinavia_2n	CESiberia_2n	7	dxy_pixy	0.0185185
AL5G20950.t1.v2.1	7	UKScandinavia_2n	PUWS_4n	7	dxy_pixy	0
AL5G20950.t1.v2.1	7	LE_2n	CESiberia_2n	7	dxy_pixy	0.0350275
AL5G20950.t1.v2.1	7	UKScandinavia_2n	LE_2n	7	dxy_pixy	0.0212766
AL5G20950.t1.v2.1	7	PUWS_4n	LE_2n	7	dxy_pixy	0.0212766
AL1G37410.t1.v2.1	528	UKScandinavia_2n	.	455	pi_pixy	0.010596
AL1G37410.t1.v2.1	528	PUWS_4n	.	454	pi_pixy	0.00796635
AL1G37410.t1.v2.1	528	CESiberia_2n	.	455	pi_pixy	0.00864186
AL1G37410.t1.v2.1	528	LE_2n	.	455	pi_pixy	0.00856865
AL1G37410.t1.v2.1	528	PUWS_4n	CESiberia_2n	454	dxy_pixy	0.00884867
AL1G37410.t1.v2.1	528	UKScandinavia_2n	CESiberia_2n	455	dxy_pixy	0.0117816
AL1G37410.t1.v2.1	528	UKScandinavia_2n	PUWS_4n	454	dxy_pixy	0.0120903
AL1G37410.t1.v2.1	528	LE_2n	CESiberia_2n	455	dxy_pixy	0.00911407
AL1G37410.t1.v2.1	528	UKScandinavia_2n	LE_2n	455	dxy_pixy	0.0115845
AL1G37410.t1.v2.1	528	PUWS_4n	LE_2n	454	dxy_pixy	0.00856732
AL1G37370.t1.v2.1	418	UKScandinavia_2n	.	360	pi_pixy	0.0101953
AL1G37370.t1.v2.1	418	PUWS_4n	.	360	pi_pixy	0.0109797
AL1G37370.t1.v2.1	418	CESiberia_2n	.	360	pi_pixy	0.00895411
AL1G37370.t1.v2.1	418	LE_2n	.	360	pi_pixy	0.00730343
AL1G37370.t1.v2.1	418	PUWS_4n	CESiberia_2n	360	dxy_pixy	0.0109307
AL1G37370.t1.v2.1	418	UKScandinavia_2n	CESiberia_2n	360	dxy_pixy	0.0149931
AL1G37370.t1.v2.1	418	UKScandinavia_2n	PUWS_4n	360	dxy_pixy	0.0131065
AL1G37370.t1.v2.1	418	LE_2n	CESiberia_2n	360	dxy_pixy	0.00893716
AL1G37370.t1.v2.1	418	UKScandinavia_2n	LE_2n	360	dxy_pixy	0.0151074
AL1G37370.t1.v2.1	418	PUWS_4n	LE_2n	360	dxy_pixy	0.0116001
AL2G11890.t1.v2.1	243	UKScandinavia_2n	.	213	pi_pixy	0.00350263
AL2G11890.t1.v2.1	243	PUWS_4n	.	224	pi_pixy	0.0106321
AL2G11890.t1.v2.1	243	CESiberia_2n	.	223	pi_pixy	0.0266819
AL2G11890.t1.v2.1	243	LE_2n	.	224	pi_pixy	0.0175405
AL2G11890.t1.v2.1	243	PUWS_4n	CESiberia_2n	223	dxy_pixy	0.0186178
AL2G11890.t1.v2.1	243	UKScandinavia_2n	CESiberia_2n	212	dxy_pixy	0.0218365
AL2G11890.t1.v2.1	243	UKScandinavia_2n	PUWS_4n	213	dxy_pixy	0.0108288
AL2G11890.t1.v2.1	243	LE_2n	CESiberia_2n	223	dxy_pixy	0.022873
AL2G11890.t1.v2.1	243	UKScandinavia_2n	LE_2n	213	dxy_pixy	0.0240046
AL2G11890.t1.v2.1	243	PUWS_4n	LE_2n	224	dxy_pixy	0.0164515
AL1G37380.t1.v2.1	379	UKScandinavia_2n	.	343	pi_pixy	0.00058309
AL1G37380.t1.v2.1	379	PUWS_4n	.	343	pi_pixy	0.00657134
AL1G37380.t1.v2.1	379	CESiberia_2n	.	342	pi_pixy	0.00709064
AL1G37380.t1.v2.1	379	LE_2n	.	343	pi_pixy	0.00482954
AL1G37380.t1.v2.1	379	PUWS_4n	CESiberia_2n	342	dxy_pixy	0.00758406
AL1G37380.t1.v2.1	379	UKScandinavia_2n	CESiberia_2n	342	dxy_pixy	0.00997807
AL1G37380.t1.v2.1	379	UKScandinavia_2n	PUWS_4n	343	dxy_pixy	0.0129946
AL1G37380.t1.v2.1	379	LE_2n	CESiberia_2n	342	dxy_pixy	0.00606399
AL1G37380.t1.v2.1	379	UKScandinavia_2n	LE_2n	343	dxy_pixy	0.00981132
AL1G37380.t1.v2.1	379	PUWS_4n	LE_2n	343	dxy_pixy	0.00692232
AL1G37100.t1.v2.1	1299	UKScandinavia_2n	.	1189	pi_pixy	0.00377535
AL1G37100.t1.v2.1	1299	PUWS_4n	.	1189	pi_pixy	0.00601857
AL1G37100.t1.v2.1	1299	CESiberia_2n	.	1189	pi_pixy	0.0021797
AL1G37100.t1.v2.1	1299	LE_2n	.	1189	pi_pixy	0.00315578
AL1G37100.t1.v2.1	1299	PUWS_4n	CESiberia_2n	1189	dxy_pixy	0.00437793
AL1G37100.t1.v2.1	1299	UKScandinavia_2n	CESiberia_2n	1189	dxy_pixy	0.0245269
AL1G37100.t1.v2.1	1299	UKScandinavia_2n	PUWS_4n	1189	dxy_pixy	0.0244143
AL1G37100.t1.v2.1	1299	LE_2n	CESiberia_2n	1189	dxy_pixy	0.00301168
AL1G37100.t1.v2.1	1299	UKScandinavia_2n	LE_2n	1189	dxy_pixy	0.024415
AL1G37100.t1.v2.1	1299	PUWS_4n	LE_2n	1189	dxy_pixy	0.00501975
AL1G37310.t1.v2.1	731	UKScandinavia_2n	.	668	pi_pixy	0.00615436
AL1G37310.t1.v2.1	731	PUWS_4n	.	668	pi_pixy	0.0108355
AL1G37310.t1.v2.1	731	CESiberia_2n	.	666	pi_pixy	0.0124249
AL1G37310.t1.v2.1	731	LE_2n	.	667	pi_pixy	0.0112724
AL1G37310.t1.v2.1	731	PUWS_4n	CESiberia_2n	666	dxy_pixy	0.0115629
AL1G37310.t1.v2.1	731	UKScandinavia_2n	CESiberia_2n	666	dxy_pixy	0.0118806
AL1G37310.t1.v2.1	731	UKScandinavia_2n	PUWS_4n	668	dxy_pixy	0.0107036
AL1G37310.t1.v2.1	731	LE_2n	CESiberia_2n	666	dxy_pixy	0.0123736
AL1G37310.t1.v2.1	731	UKScandinavia_2n	LE_2n	667	dxy_pixy	0.0113326
AL1G37310.t1.v2.1	731	PUWS_4n	LE_2n	667	dxy_pixy	0.0113184
AL1G37420.t1.v2.1	598	UKScandinavia_2n	.	539	pi_pixy	0.00813395
AL1G37420.t1.v2.1	598	PUWS_4n	.	539	pi_pixy	0.00522229
AL1G37420.t1.v2.1	598	CESiberia_2n	.	539	pi_pixy	0.00429808
AL1G37420.t1.v2.1	598	LE_2n	.	539	pi_pixy	0.00452743
AL1G37420.t1.v2.1	598	PUWS_4n	CESiberia_2n	539	dxy_pixy	0.0049778
AL1G37420.t1.v2.1	598	UKScandinavia_2n	CESiberia_2n	539	dxy_pixy	0.00856295
AL1G37420.t1.v2.1	598	UKScandinavia_2n	PUWS_4n	539	dxy_pixy	0.00859712
AL1G37420.t1.v2.1	598	LE_2n	CESiberia_2n	539	dxy_pixy	0.00536806
AL1G37420.t1.v2.1	598	UKScandinavia_2n	LE_2n	539	dxy_pixy	0.00838567
AL1G37420.t1.v2.1	598	PUWS_4n	LE_2n	539	dxy_pixy	0.00565551
AL3G44270.t1.v2.1	457	PUWS_4n	.	302	pi_pixy	0
AL3G44270.t1.v2.1	457	CESiberia_2n	.	301	pi_pixy	0.00471486
AL3G44270.t1.v2.1	457	LE_2n	.	205	pi_pixy	0.000468205
AL3G44270.t1.v2.1	457	PUWS_4n	CESiberia_2n	263	dxy_pixy	0.007087
AL3G44270.t1.v2.1	457	LE_2n	CESiberia_2n	201	dxy_pixy	0.0034764
AL3G44270.t1.v2.1	457	PUWS_4n	LE_2n	167	dxy_pixy	0.000181884
AL1G37270.t1.v2.1	582	UKScandinavia_2n	.	526	pi_pixy	0.00927887
AL1G37270.t1.v2.1	582	PUWS_4n	.	527	pi_pixy	0.0046994
AL1G37270.t1.v2.1	582	CESiberia_2n	.	527	pi_pixy	0.00352625
AL1G37270.t1.v2.1	582	LE_2n	.	527	pi_pixy	0.00410103
AL1G37270.t1.v2.1	582	PUWS_4n	CESiberia_2n	527	dxy_pixy	0.00440836
AL1G37270.t1.v2.1	582	UKScandinavia_2n	CESiberia_2n	526	dxy_pixy	0.0247763
AL1G37270.t1.v2.1	582	UKScandinavia_2n	PUWS_4n	526	dxy_pixy	0.023049
AL1G37270.t1.v2.1	582	LE_2n	CESiberia_2n	527	dxy_pixy	0.00390978
AL1G37270.t1.v2.1	582	UKScandinavia_2n	LE_2n	526	dxy_pixy	0.0238721
AL1G37270.t1.v2.1	582	PUWS_4n	LE_2n	527	dxy_pixy	0.0044475
AL1G37300.t1.v2.1	1827	UKScandinavia_2n	.	1680	pi_pixy	0.00261905
AL1G37300.t1.v2.1	1827	PUWS_4n	.	1679	pi_pixy	0.00513269
AL1G37300.t1.v2.1	1827	CESiberia_2n	.	1680	pi_pixy	0.00447421
AL1G37300.t1.v2.1	1827	LE_2n	.	1679	pi_pixy	0.0054563
AL1G37300.t1.v2.1	1827	PUWS_4n	CESiberia_2n	1679	dxy_pixy	0.00498054
AL1G37300.t1.v2.1	1827	UKScandinavia_2n	CESiberia_2n	1680	dxy_pixy	0.00563988
AL1G37300.t1.v2.1	1827	UKScandinavia_2n	PUWS_4n	1679	dxy_pixy	0.00590538
AL1G37300.t1.v2.1	1827	LE_2n	CESiberia_2n	1679	dxy_pixy	0.00514987
AL1G37300.t1.v2.1	1827	UKScandinavia_2n	LE_2n	1679	dxy_pixy	0.00648239
AL1G37300.t1.v2.1	1827	PUWS_4n	LE_2n	1678	dxy_pixy	0.00548803
AL7G35910.t1.v2.1	219	UKScandinavia_2n	.	205	pi_pixy	0.00749129
AL7G35910.t1.v2.1	219	PUWS_4n	.	205	pi_pixy	0.0327913
AL7G35910.t1.v2.1	219	CESiberia_2n	.	203	pi_pixy	0.00260339
AL7G35910.t1.v2.1	219	LE_2n	.	204	pi_pixy	0.0280648
AL7G35910.t1.v2.1	219	PUWS_4n	CESiberia_2n	203	dxy_pixy	0.028531
AL7G35910.t1.v2.1	219	UKScandinavia_2n	CESiberia_2n	203	dxy_pixy	0.00793526
AL7G35910.t1.v2.1	219	UKScandinavia_2n	PUWS_4n	205	dxy_pixy	0.032622
AL7G35910.t1.v2.1	219	LE_2n	CESiberia_2n	202	dxy_pixy	0.0222745
AL7G35910.t1.v2.1	219	UKScandinavia_2n	LE_2n	204	dxy_pixy	0.0288099
AL7G35910.t1.v2.1	219	PUWS_4n	LE_2n	204	dxy_pixy	0.0312668
AL1G37110.t1.v2.1	1076	UKScandinavia_2n	.	983	pi_pixy	0.00219283
AL1G37110.t1.v2.1	1076	PUWS_4n	.	984	pi_pixy	0.00311147
AL1G37110.t1.v2.1	1076	CESiberia_2n	.	984	pi_pixy	0.00359079
AL1G37110.t1.v2.1	1076	LE_2n	.	984	pi_pixy	0.00317559
AL1G37110.t1.v2.1	1076	PUWS_4n	CESiberia_2n	984	dxy_pixy	0.00370263
AL1G37110.t1.v2.1	1076	UKScandinavia_2n	CESiberia_2n	983	dxy_pixy	0.0125254
AL1G37110.t1.v2.1	1076	UKScandinavia_2n	PUWS_4n	983	dxy_pixy	0.0119331
AL1G37110.t1.v2.1	1076	LE_2n	CESiberia_2n	984	dxy_pixy	0.00407625
AL1G37110.t1.v2.1	1076	UKScandinavia_2n	LE_2n	983	dxy_pixy	0.013141
AL1G37110.t1.v2.1	1076	PUWS_4n	LE_2n	984	dxy_pixy	0.00414891
AL1G37430.t1.v2.1	634	UKScandinavia_2n	.	576	pi_pixy	0.0099537
AL1G37430.t1.v2.1	634	PUWS_4n	.	575	pi_pixy	0.00952302
AL1G37430.t1.v2.1	634	CESiberia_2n	.	576	pi_pixy	0.0145316
AL1G37430.t1.v2.1	634	LE_2n	.	576	pi_pixy	0.0040421
AL1G37430.t1.v2.1	634	PUWS_4n	CESiberia_2n	575	dxy_pixy	0.0133143
AL1G37430.t1.v2.1	634	UKScandinavia_2n	CESiberia_2n	576	dxy_pixy	0.0161928
AL1G37430.t1.v2.1	634	UKScandinavia_2n	PUWS_4n	575	dxy_pixy	0.0122792
AL1G37430.t1.v2.1	634	LE_2n	CESiberia_2n	576	dxy_pixy	0.0142167
AL1G37430.t1.v2.1	634	UKScandinavia_2n	LE_2n	576	dxy_pixy	0.0132162
AL1G37430.t1.v2.1	634	PUWS_4n	LE_2n	575	dxy_pixy	0.00842195
AL1G37320.t1.v2.1	904	UKScandinavia_2n	.	828	pi_pixy	0.00724638
AL1G37320.t1.v2.1	904	PUWS_4n	.	828	pi_pixy	0.0145918
AL1G37320.t1.v2.1	904	CESiberia_2n	.	828	pi_pixy	0.00504227
AL1G37320.t1.v2.1	904	LE_2n	.	827	pi_pixy	0.0132774
AL1G37320.t1.v2.1	904	PUWS_4n	CESiberia_2n	828	dxy_pixy	0.0146761
AL1G37320.t1.v2.1	904	UKScandinavia_2n	CESiberia_2n	828	dxy_pixy	0.0191425
AL1G37320.t1.v2.1	904	UKScandinavia_2n	PUWS_4n	828	dxy_pixy	0.0172533
AL1G37320.t1.v2.1	904	LE_2n	CESiberia_2n	827	dxy_pixy	0.0112384
AL1G37320.t1.v2.1	904	UKScandinavia_2n	LE_2n	827	dxy_pixy	0.0191763
AL1G37320.t1.v2.1	904	PUWS_4n	LE_2n	827	dxy_pixy	0.0146449
AL1G37330.t1.v2.1	624	UKScandinavia_2n	.	557	pi_pixy	0.00406942
AL1G37330.t1.v2.1	624	PUWS_4n	.	556	pi_pixy	0.0094443
AL1G37330.t1.v2.1	624	CESiberia_2n	.	557	pi_pixy	0.00993848
AL1G37330.t1.v2.1	624	LE_2n	.	555	pi_pixy	0.0115585
AL1G37330.t1.v2.1	624	PUWS_4n	CESiberia_2n	556	dxy_pixy	0.013462
AL1G37330.t1.v2.1	624	UKScandinavia_2n	CESiberia_2n	557	dxy_pixy	0.0098092
AL1G37330.t1.v2.1	624	UKScandinavia_2n	PUWS_4n	556	dxy_pixy	0.0108383
AL1G37330.t1.v2.1	624	LE_2n	CESiberia_2n	555	dxy_pixy	0.0105784
AL1G37330.t1.v2.1	624	UKScandinavia_2n	LE_2n	555	dxy_pixy	0.00955773
AL1G37330.t1.v2.1	624	PUWS_4n	LE_2n	554	dxy_pixy	0.0126695
AL1G37250.t1.v2.1	1535	UKScandinavia_2n	.	1398	pi_pixy	0.00302019
AL1G37250.t1.v2.1	1535	PUWS_4n	.	1398	pi_pixy	0.0042321
AL1G37250.t1.v2.1	1535	CESiberia_2n	.	1397	pi_pixy	0.00310505
AL1G37250.t1.v2.1	1535	LE_2n	.	1398	pi_pixy	0.00302777
AL1G37250.t1.v2.1	1535	PUWS_4n	CESiberia_2n	1397	dxy_pixy	0.0039058
AL1G37250.t1.v2.1	1535	UKScandinavia_2n	CESiberia_2n	1397	dxy_pixy	0.00409535
AL1G37250.t1.v2.1	1535	UKScandinavia_2n	PUWS_4n	1398	dxy_pixy	0.00490196
AL1G37250.t1.v2.1	1535	LE_2n	CESiberia_2n	1397	dxy_pixy	0.00354503
AL1G37250.t1.v2.1	1535	UKScandinavia_2n	LE_2n	1398	dxy_pixy	0.00426999
AL1G37250.t1.v2.1	1535	PUWS_4n	LE_2n	1398	dxy_pixy	0.00431019
AL1G37440.t1.v2.1	584	UKScandinavia_2n	.	517	pi_pixy	0.00206319
AL1G37440.t1.v2.1	584	PUWS_4n	.	517	pi_pixy	0.00204169
AL1G37440.t1.v2.1	584	CESiberia_2n	.	517	pi_pixy	0.00196647
AL1G37440.t1.v2.1	584	LE_2n	.	517	pi_pixy	0.0049442
AL1G37440.t1.v2.1	584	PUWS_4n	CESiberia_2n	517	dxy_pixy	0.00262503
AL1G37440.t1.v2.1	584	UKScandinavia_2n	CESiberia_2n	517	dxy_pixy	0.00261122
AL1G37440.t1.v2.1	584	UKScandinavia_2n	PUWS_4n	517	dxy_pixy	0.0023349
AL1G37440.t1.v2.1	584	LE_2n	CESiberia_2n	517	dxy_pixy	0.00372625
AL1G37440.t1.v2.1	584	UKScandinavia_2n	LE_2n	517	dxy_pixy	0.00446012
AL1G37440.t1.v2.1	584	PUWS_4n	LE_2n	517	dxy_pixy	0.00424232
AL1G37180.t1.v2.1	679	UKScandinavia_2n	.	601	pi_pixy	0.0146053
AL1G37180.t1.v2.1	679	PUWS_4n	.	601	pi_pixy	0.0130359
AL1G37180.t1.v2.1	679	CESiberia_2n	.	601	pi_pixy	0.0093594
AL1G37180.t1.v2.1	679	LE_2n	.	601	pi_pixy	0.0121533
AL1G37180.t1.v2.1	679	PUWS_4n	CESiberia_2n	601	dxy_pixy	0.0125406
AL1G37180.t1.v2.1	679	UKScandinavia_2n	CESiberia_2n	601	dxy_pixy	0.0226498
AL1G37180.t1.v2.1	679	UKScandinavia_2n	PUWS_4n	601	dxy_pixy	0.0227191
AL1G37180.t1.v2.1	679	LE_2n	CESiberia_2n	601	dxy_pixy	0.0129944
AL1G37180.t1.v2.1	679	UKScandinavia_2n	LE_2n	601	dxy_pixy	0.0252386
AL1G37180.t1.v2.1	679	PUWS_4n	LE_2n	601	dxy_pixy	0.0155047
AL1G37450.t1.v2.1	886	UKScandinavia_2n	.	816	pi_pixy	0.00482026
AL1G37450.t1.v2.1	886	PUWS_4n	.	816	pi_pixy	0.0060075
AL1G37450.t1.v2.1	886	CESiberia_2n	.	816	pi_pixy	0.0035335
AL1G37450.t1.v2.1	886	LE_2n	.	817	pi_pixy	0.00451851
AL1G37450.t1.v2.1	886	PUWS_4n	CESiberia_2n	816	dxy_pixy	0.00608915
AL1G37450.t1.v2.1	886	UKScandinavia_2n	CESiberia_2n	815	dxy_pixy	0.00714724
AL1G37450.t1.v2.1	886	UKScandinavia_2n	PUWS_4n	815	dxy_pixy	0.00736196
AL1G37450.t1.v2.1	886	LE_2n	CESiberia_2n	816	dxy_pixy	0.00488394
AL1G37450.t1.v2.1	886	UKScandinavia_2n	LE_2n	816	dxy_pixy	0.00778907
AL1G37450.t1.v2.1	886	PUWS_4n	LE_2n	816	dxy_pixy	0.0064364
AL1G37020.t1.v2.1	4213	UKScandinavia_2n	.	3811	pi_pixy	0.000367358
AL1G37020.t1.v2.1	4213	PUWS_4n	.	3811	pi_pixy	0.00285376
AL1G37020.t1.v2.1	4213	CESiberia_2n	.	3810	pi_pixy	0.00136045
AL1G37020.t1.v2.1	4213	LE_2n	.	3811	pi_pixy	0.00224058
AL1G37020.t1.v2.1	4213	PUWS_4n	CESiberia_2n	3810	dxy_pixy	0.00280043
AL1G37020.t1.v2.1	4213	UKScandinavia_2n	CESiberia_2n	3810	dxy_pixy	0.00253937
AL1G37020.t1.v2.1	4213	UKScandinavia_2n	PUWS_4n	3811	dxy_pixy	0.00245155
AL1G37020.t1.v2.1	4213	LE_2n	CESiberia_2n	3810	dxy_pixy	0.00286696
AL1G37020.t1.v2.1	4213	UKScandinavia_2n	LE_2n	3811	dxy_pixy	0.00277225
AL1G37020.t1.v2.1	4213	PUWS_4n	LE_2n	3811	dxy_pixy	0.00308741
