AL1G36310.t1.v2.1	42	UKScandinavia_2n	.	33	pi_pixy	0
AL1G36310.t1.v2.1	42	PUWS_4n	.	33	pi_pixy	0.00649351
AL1G36310.t1.v2.1	42	CESiberia_2n	.	33	pi_pixy	0
AL1G36310.t1.v2.1	42	LE_2n	.	33	pi_pixy	0
AL1G36310.t1.v2.1	42	PUWS_4n	CESiberia_2n	33	dxy_pixy	0.00324675
AL1G36310.t1.v2.1	42	UKScandinavia_2n	CESiberia_2n	33	dxy_pixy	0
AL1G36310.t1.v2.1	42	UKScandinavia_2n	PUWS_4n	33	dxy_pixy	0.00324675
AL1G36310.t1.v2.1	42	LE_2n	CESiberia_2n	33	dxy_pixy	0
AL1G36310.t1.v2.1	42	UKScandinavia_2n	LE_2n	33	dxy_pixy	0
AL1G36310.t1.v2.1	42	PUWS_4n	LE_2n	33	dxy_pixy	0.00324675
AL1G36360.t1.v2.1	140	UKScandinavia_2n	.	133	pi_pixy	0.00551378
AL1G36360.t1.v2.1	140	PUWS_4n	.	133	pi_pixy	0.0044158
AL1G36360.t1.v2.1	140	CESiberia_2n	.	133	pi_pixy	0.00964912
AL1G36360.t1.v2.1	140	LE_2n	.	133	pi_pixy	0.010624
AL1G36360.t1.v2.1	140	PUWS_4n	CESiberia_2n	133	dxy_pixy	0.0104055
AL1G36360.t1.v2.1	140	UKScandinavia_2n	CESiberia_2n	133	dxy_pixy	0.00864662
AL1G36360.t1.v2.1	140	UKScandinavia_2n	PUWS_4n	133	dxy_pixy	0.00832438
AL1G36360.t1.v2.1	140	LE_2n	CESiberia_2n	133	dxy_pixy	0.0128595
AL1G36360.t1.v2.1	140	UKScandinavia_2n	LE_2n	133	dxy_pixy	0.00973451
AL1G36360.t1.v2.1	140	PUWS_4n	LE_2n	133	dxy_pixy	0.00914981
AL1G36460.t1.v2.1	65	UKScandinavia_2n	.	58	pi_pixy	0.00344828
AL1G36460.t1.v2.1	65	PUWS_4n	.	58	pi_pixy	0.00360336
AL1G36460.t1.v2.1	65	CESiberia_2n	.	58	pi_pixy	0
AL1G36460.t1.v2.1	65	LE_2n	.	58	pi_pixy	0.0010142
AL1G36460.t1.v2.1	65	PUWS_4n	CESiberia_2n	58	dxy_pixy	0.00184729
AL1G36460.t1.v2.1	65	UKScandinavia_2n	CESiberia_2n	58	dxy_pixy	0.00172414
AL1G36460.t1.v2.1	65	UKScandinavia_2n	PUWS_4n	58	dxy_pixy	0.00357143
AL1G36460.t1.v2.1	65	LE_2n	CESiberia_2n	58	dxy_pixy	0.000507099
AL1G36460.t1.v2.1	65	UKScandinavia_2n	LE_2n	58	dxy_pixy	0.00223124
AL1G36460.t1.v2.1	65	PUWS_4n	LE_2n	58	dxy_pixy	0.00231817
AL1G36380.t1.v2.1	91	UKScandinavia_2n	.	84	pi_pixy	0
AL1G36380.t1.v2.1	91	PUWS_4n	.	84	pi_pixy	0.00661376
AL1G36380.t1.v2.1	91	CESiberia_2n	.	84	pi_pixy	0
AL1G36380.t1.v2.1	91	LE_2n	.	84	pi_pixy	0.00140056
AL1G36380.t1.v2.1	91	PUWS_4n	CESiberia_2n	84	dxy_pixy	0.00340136
AL1G36380.t1.v2.1	91	UKScandinavia_2n	CESiberia_2n	84	dxy_pixy	0
AL1G36380.t1.v2.1	91	UKScandinavia_2n	PUWS_4n	84	dxy_pixy	0.00340136
AL1G36380.t1.v2.1	91	LE_2n	CESiberia_2n	84	dxy_pixy	0.00070028
AL1G36380.t1.v2.1	91	UKScandinavia_2n	LE_2n	84	dxy_pixy	0.00070028
AL1G36380.t1.v2.1	91	PUWS_4n	LE_2n	84	dxy_pixy	0.00405162
AL1G36350.t1.v2.1	299	UKScandinavia_2n	.	272	pi_pixy	0.00400327
AL1G36350.t1.v2.1	299	PUWS_4n	.	271	pi_pixy	0.0132568
AL1G36350.t1.v2.1	299	CESiberia_2n	.	272	pi_pixy	0.0140931
AL1G36350.t1.v2.1	299	LE_2n	.	272	pi_pixy	0.00927309
AL1G36350.t1.v2.1	299	PUWS_4n	CESiberia_2n	271	dxy_pixy	0.0170664
AL1G36350.t1.v2.1	299	UKScandinavia_2n	CESiberia_2n	272	dxy_pixy	0.027114
AL1G36350.t1.v2.1	299	UKScandinavia_2n	PUWS_4n	271	dxy_pixy	0.0145493
AL1G36350.t1.v2.1	299	LE_2n	CESiberia_2n	272	dxy_pixy	0.0223562
AL1G36350.t1.v2.1	299	UKScandinavia_2n	LE_2n	272	dxy_pixy	0.0131488
AL1G36350.t1.v2.1	299	PUWS_4n	LE_2n	271	dxy_pixy	0.0121322
AL1G36280.t1.v2.1	125	UKScandinavia_2n	.	122	pi_pixy	0.00783242
AL1G36280.t1.v2.1	125	PUWS_4n	.	122	pi_pixy	0.0101725
AL1G36280.t1.v2.1	125	CESiberia_2n	.	122	pi_pixy	0.0105191
AL1G36280.t1.v2.1	125	LE_2n	.	122	pi_pixy	0.0113235
AL1G36280.t1.v2.1	125	PUWS_4n	CESiberia_2n	122	dxy_pixy	0.0102453
AL1G36280.t1.v2.1	125	UKScandinavia_2n	CESiberia_2n	122	dxy_pixy	0.0181352
AL1G36280.t1.v2.1	125	UKScandinavia_2n	PUWS_4n	122	dxy_pixy	0.0180964
AL1G36280.t1.v2.1	125	LE_2n	CESiberia_2n	122	dxy_pixy	0.0148264
AL1G36280.t1.v2.1	125	UKScandinavia_2n	LE_2n	122	dxy_pixy	0.0175024
AL1G36280.t1.v2.1	125	PUWS_4n	LE_2n	122	dxy_pixy	0.0135481
AL1G36440.t1.v2.1	57	UKScandinavia_2n	.	53	pi_pixy	0.00377358
AL1G36440.t1.v2.1	57	PUWS_4n	.	53	pi_pixy	0.00978337
AL1G36440.t1.v2.1	57	CESiberia_2n	.	53	pi_pixy	0.0117925
AL1G36440.t1.v2.1	57	LE_2n	.	53	pi_pixy	0.00699559
AL1G36440.t1.v2.1	57	PUWS_4n	CESiberia_2n	53	dxy_pixy	0.0106132
AL1G36440.t1.v2.1	57	UKScandinavia_2n	CESiberia_2n	53	dxy_pixy	0.00872642
AL1G36440.t1.v2.1	57	UKScandinavia_2n	PUWS_4n	53	dxy_pixy	0.00943396
AL1G36440.t1.v2.1	57	LE_2n	CESiberia_2n	53	dxy_pixy	0.00936459
AL1G36440.t1.v2.1	57	UKScandinavia_2n	LE_2n	53	dxy_pixy	0.0054384
AL1G36440.t1.v2.1	57	PUWS_4n	LE_2n	53	dxy_pixy	0.00943396
AL1G31870.t1.v2.1	152	UKScandinavia_2n	.	145	pi_pixy	0.0223755
AL1G31870.t1.v2.1	152	PUWS_4n	.	109	pi_pixy	0.0287464
AL1G31870.t1.v2.1	152	CESiberia_2n	.	125	pi_pixy	0.0306247
AL1G31870.t1.v2.1	152	LE_2n	.	110	pi_pixy	0.0360624
AL1G31870.t1.v2.1	152	PUWS_4n	CESiberia_2n	109	dxy_pixy	0.0270657
AL1G31870.t1.v2.1	152	UKScandinavia_2n	CESiberia_2n	125	dxy_pixy	0.0471084
AL1G31870.t1.v2.1	152	UKScandinavia_2n	PUWS_4n	109	dxy_pixy	0.0422039
AL1G31870.t1.v2.1	152	LE_2n	CESiberia_2n	110	dxy_pixy	0.0334369
AL1G31870.t1.v2.1	152	UKScandinavia_2n	LE_2n	110	dxy_pixy	0.0479743
AL1G31870.t1.v2.1	152	PUWS_4n	LE_2n	109	dxy_pixy	0.0292354
AL1G36330.t1.v2.1	123	UKScandinavia_2n	.	109	pi_pixy	0
AL1G36330.t1.v2.1	123	PUWS_4n	.	108	pi_pixy	0.00590339
AL1G36330.t1.v2.1	123	CESiberia_2n	.	109	pi_pixy	0
AL1G36330.t1.v2.1	123	LE_2n	.	109	pi_pixy	0.00152088
AL1G36330.t1.v2.1	123	PUWS_4n	CESiberia_2n	108	dxy_pixy	0.00363757
AL1G36330.t1.v2.1	123	UKScandinavia_2n	CESiberia_2n	109	dxy_pixy	0.00917431
AL1G36330.t1.v2.1	123	UKScandinavia_2n	PUWS_4n	108	dxy_pixy	0.00760582
AL1G36330.t1.v2.1	123	LE_2n	CESiberia_2n	109	dxy_pixy	0.000809498
AL1G36330.t1.v2.1	123	UKScandinavia_2n	LE_2n	109	dxy_pixy	0.00836481
AL1G36330.t1.v2.1	123	PUWS_4n	LE_2n	108	dxy_pixy	0.00398771
AL1G36450.t1.v2.1	56	UKScandinavia_2n	.	48	pi_pixy	0.0310185
AL1G36450.t1.v2.1	56	PUWS_4n	.	48	pi_pixy	0.0114638
AL1G36450.t1.v2.1	56	CESiberia_2n	.	48	pi_pixy	0.0241319
AL1G36450.t1.v2.1	56	LE_2n	.	48	pi_pixy	0.00123744
AL1G36450.t1.v2.1	56	PUWS_4n	CESiberia_2n	48	dxy_pixy	0.0185082
AL1G36450.t1.v2.1	56	UKScandinavia_2n	CESiberia_2n	48	dxy_pixy	0.0403646
AL1G36450.t1.v2.1	56	UKScandinavia_2n	PUWS_4n	48	dxy_pixy	0.0441964
AL1G36450.t1.v2.1	56	LE_2n	CESiberia_2n	48	dxy_pixy	0.0146244
AL1G36450.t1.v2.1	56	UKScandinavia_2n	LE_2n	48	dxy_pixy	0.0434729
AL1G36450.t1.v2.1	56	PUWS_4n	LE_2n	48	dxy_pixy	0.0065095
AL1G36470.t1.v2.1	179	UKScandinavia_2n	.	166	pi_pixy	0
AL1G36470.t1.v2.1	179	PUWS_4n	.	165	pi_pixy	0.0185827
AL1G36470.t1.v2.1	179	CESiberia_2n	.	166	pi_pixy	0.0123996
AL1G36470.t1.v2.1	179	LE_2n	.	166	pi_pixy	0.0206674
AL1G36470.t1.v2.1	179	PUWS_4n	CESiberia_2n	165	dxy_pixy	0.0153409
AL1G36470.t1.v2.1	179	UKScandinavia_2n	CESiberia_2n	166	dxy_pixy	0.00790663
AL1G36470.t1.v2.1	179	UKScandinavia_2n	PUWS_4n	165	dxy_pixy	0.0132035
AL1G36470.t1.v2.1	179	LE_2n	CESiberia_2n	166	dxy_pixy	0.0246535
AL1G36470.t1.v2.1	179	UKScandinavia_2n	LE_2n	166	dxy_pixy	0.0268301
AL1G36470.t1.v2.1	179	PUWS_4n	LE_2n	165	dxy_pixy	0.0217708
AL1G36530.t1.v2.1	278	UKScandinavia_2n	.	260	pi_pixy	0.00589744
AL1G36530.t1.v2.1	278	PUWS_4n	.	260	pi_pixy	0.0194851
AL1G36530.t1.v2.1	278	CESiberia_2n	.	260	pi_pixy	0.0125641
AL1G36530.t1.v2.1	278	LE_2n	.	260	pi_pixy	0.00921432
AL1G36530.t1.v2.1	278	PUWS_4n	CESiberia_2n	260	dxy_pixy	0.0163633
AL1G36530.t1.v2.1	278	UKScandinavia_2n	CESiberia_2n	260	dxy_pixy	0.0333173
AL1G36530.t1.v2.1	278	UKScandinavia_2n	PUWS_4n	260	dxy_pixy	0.0335714
AL1G36530.t1.v2.1	278	LE_2n	CESiberia_2n	260	dxy_pixy	0.0113122
AL1G36530.t1.v2.1	278	UKScandinavia_2n	LE_2n	260	dxy_pixy	0.0355656
AL1G36530.t1.v2.1	278	PUWS_4n	LE_2n	260	dxy_pixy	0.0157805
AL1G36290.t1.v2.1	252	UKScandinavia_2n	.	235	pi_pixy	0.00453901
AL1G36290.t1.v2.1	252	PUWS_4n	.	235	pi_pixy	0.0115727
AL1G36290.t1.v2.1	252	CESiberia_2n	.	235	pi_pixy	0.00170213
AL1G36290.t1.v2.1	252	LE_2n	.	235	pi_pixy	0.0027762
AL1G36290.t1.v2.1	252	PUWS_4n	CESiberia_2n	235	dxy_pixy	0.00942249
AL1G36290.t1.v2.1	252	UKScandinavia_2n	CESiberia_2n	235	dxy_pixy	0.00659574
AL1G36290.t1.v2.1	252	UKScandinavia_2n	PUWS_4n	235	dxy_pixy	0.0087538
AL1G36290.t1.v2.1	252	LE_2n	CESiberia_2n	235	dxy_pixy	0.00356696
AL1G36290.t1.v2.1	252	UKScandinavia_2n	LE_2n	235	dxy_pixy	0.00470588
AL1G36290.t1.v2.1	252	PUWS_4n	LE_2n	235	dxy_pixy	0.00913642
AL1G36270.t1.v2.1	529	UKScandinavia_2n	.	489	pi_pixy	0.00572597
AL1G36270.t1.v2.1	529	PUWS_4n	.	488	pi_pixy	0.0100778
AL1G36270.t1.v2.1	529	CESiberia_2n	.	489	pi_pixy	0.00722563
AL1G36270.t1.v2.1	529	LE_2n	.	489	pi_pixy	0.00201631
AL1G36270.t1.v2.1	529	PUWS_4n	CESiberia_2n	488	dxy_pixy	0.0106118
AL1G36270.t1.v2.1	529	UKScandinavia_2n	CESiberia_2n	489	dxy_pixy	0.0130368
AL1G36270.t1.v2.1	529	UKScandinavia_2n	PUWS_4n	488	dxy_pixy	0.0106704
AL1G36270.t1.v2.1	529	LE_2n	CESiberia_2n	489	dxy_pixy	0.00511309
AL1G36270.t1.v2.1	529	UKScandinavia_2n	LE_2n	489	dxy_pixy	0.0119706
AL1G36270.t1.v2.1	529	PUWS_4n	LE_2n	488	dxy_pixy	0.00988117
AL1G36340.t1.v2.1	180	UKScandinavia_2n	.	164	pi_pixy	0.00121951
AL1G36340.t1.v2.1	180	PUWS_4n	.	164	pi_pixy	0.0170506
AL1G36340.t1.v2.1	180	CESiberia_2n	.	164	pi_pixy	0.00142276
AL1G36340.t1.v2.1	180	LE_2n	.	164	pi_pixy	0.00813008
AL1G36340.t1.v2.1	180	PUWS_4n	CESiberia_2n	164	dxy_pixy	0.0115418
AL1G36340.t1.v2.1	180	UKScandinavia_2n	CESiberia_2n	164	dxy_pixy	0.00137195
AL1G36340.t1.v2.1	180	UKScandinavia_2n	PUWS_4n	164	dxy_pixy	0.0121516
AL1G36340.t1.v2.1	180	LE_2n	CESiberia_2n	164	dxy_pixy	0.00600789
AL1G36340.t1.v2.1	180	UKScandinavia_2n	LE_2n	164	dxy_pixy	0.00634864
AL1G36340.t1.v2.1	180	PUWS_4n	LE_2n	164	dxy_pixy	0.015308
AL1G36540.t1.v2.1	179	UKScandinavia_2n	.	160	pi_pixy	0.0118056
AL1G36540.t1.v2.1	179	PUWS_4n	.	160	pi_pixy	0.0211475
AL1G36540.t1.v2.1	179	CESiberia_2n	.	160	pi_pixy	0.0142708
AL1G36540.t1.v2.1	179	LE_2n	.	160	pi_pixy	0.0163324
AL1G36540.t1.v2.1	179	PUWS_4n	CESiberia_2n	160	dxy_pixy	0.020731
AL1G36540.t1.v2.1	179	UKScandinavia_2n	CESiberia_2n	160	dxy_pixy	0.0217187
AL1G36540.t1.v2.1	179	UKScandinavia_2n	PUWS_4n	160	dxy_pixy	0.0201786
AL1G36540.t1.v2.1	179	LE_2n	CESiberia_2n	160	dxy_pixy	0.0180377
AL1G36540.t1.v2.1	179	UKScandinavia_2n	LE_2n	160	dxy_pixy	0.0194118
AL1G36540.t1.v2.1	179	PUWS_4n	LE_2n	160	dxy_pixy	0.0221376
AL1G36550.t1.v2.1	165	UKScandinavia_2n	.	154	pi_pixy	0
AL1G36550.t1.v2.1	165	PUWS_4n	.	154	pi_pixy	0.00583998
AL1G36550.t1.v2.1	165	CESiberia_2n	.	154	pi_pixy	0.00497835
AL1G36550.t1.v2.1	165	LE_2n	.	154	pi_pixy	0.00113127
AL1G36550.t1.v2.1	165	PUWS_4n	CESiberia_2n	154	dxy_pixy	0.00532537
AL1G36550.t1.v2.1	165	UKScandinavia_2n	CESiberia_2n	154	dxy_pixy	0.00405844
AL1G36550.t1.v2.1	165	UKScandinavia_2n	PUWS_4n	154	dxy_pixy	0.00421348
AL1G36550.t1.v2.1	165	LE_2n	CESiberia_2n	154	dxy_pixy	0.00426572
AL1G36550.t1.v2.1	165	UKScandinavia_2n	LE_2n	154	dxy_pixy	0.00632669
AL1G36550.t1.v2.1	165	PUWS_4n	LE_2n	154	dxy_pixy	0.0057503
AL1G31860.t1.v2.1	169	UKScandinavia_2n	.	157	pi_pixy	0.00736023
AL1G31860.t1.v2.1	169	PUWS_4n	.	154	pi_pixy	0.0138288
AL1G31860.t1.v2.1	169	CESiberia_2n	.	157	pi_pixy	0.0247877
AL1G31860.t1.v2.1	169	LE_2n	.	156	pi_pixy	0.0160771
AL1G31860.t1.v2.1	169	PUWS_4n	CESiberia_2n	154	dxy_pixy	0.0164367
AL1G31860.t1.v2.1	169	UKScandinavia_2n	CESiberia_2n	157	dxy_pixy	0.0251592
AL1G31860.t1.v2.1	169	UKScandinavia_2n	PUWS_4n	154	dxy_pixy	0.0165121
AL1G31860.t1.v2.1	169	LE_2n	CESiberia_2n	156	dxy_pixy	0.0188301
AL1G31860.t1.v2.1	169	UKScandinavia_2n	LE_2n	156	dxy_pixy	0.0185897
AL1G31860.t1.v2.1	169	PUWS_4n	LE_2n	154	dxy_pixy	0.0133963
AL1G36370.t1.v2.1	480	UKScandinavia_2n	.	442	pi_pixy	0.00774258
AL1G36370.t1.v2.1	480	PUWS_4n	.	441	pi_pixy	0.0122137
AL1G36370.t1.v2.1	480	CESiberia_2n	.	442	pi_pixy	0.00175339
AL1G36370.t1.v2.1	480	LE_2n	.	441	pi_pixy	0.00540822
AL1G36370.t1.v2.1	480	PUWS_4n	CESiberia_2n	441	dxy_pixy	0.0100117
AL1G36370.t1.v2.1	480	UKScandinavia_2n	CESiberia_2n	442	dxy_pixy	0.0100962
AL1G36370.t1.v2.1	480	UKScandinavia_2n	PUWS_4n	441	dxy_pixy	0.0127632
AL1G36370.t1.v2.1	480	LE_2n	CESiberia_2n	441	dxy_pixy	0.00511038
AL1G36370.t1.v2.1	480	UKScandinavia_2n	LE_2n	441	dxy_pixy	0.0111778
AL1G36370.t1.v2.1	480	PUWS_4n	LE_2n	440	dxy_pixy	0.0105949
AL1G36560.t1.v2.1	132	UKScandinavia_2n	.	123	pi_pixy	0
AL1G36560.t1.v2.1	132	PUWS_4n	.	123	pi_pixy	0.00116144
AL1G36560.t1.v2.1	132	CESiberia_2n	.	123	pi_pixy	0
AL1G36560.t1.v2.1	132	LE_2n	.	123	pi_pixy	0
AL1G36560.t1.v2.1	132	PUWS_4n	CESiberia_2n	123	dxy_pixy	0.00058072
AL1G36560.t1.v2.1	132	UKScandinavia_2n	CESiberia_2n	123	dxy_pixy	0
AL1G36560.t1.v2.1	132	UKScandinavia_2n	PUWS_4n	123	dxy_pixy	0.00058072
AL1G36560.t1.v2.1	132	LE_2n	CESiberia_2n	123	dxy_pixy	0
AL1G36560.t1.v2.1	132	UKScandinavia_2n	LE_2n	123	dxy_pixy	0
AL1G36560.t1.v2.1	132	PUWS_4n	LE_2n	123	dxy_pixy	0.00058072
AL1G36390.t1.v2.1	332	UKScandinavia_2n	.	304	pi_pixy	0.0131579
AL1G36390.t1.v2.1	332	PUWS_4n	.	304	pi_pixy	0.0159252
AL1G36390.t1.v2.1	332	CESiberia_2n	.	304	pi_pixy	0.00956689
AL1G36390.t1.v2.1	332	LE_2n	.	304	pi_pixy	0.0157379
AL1G36390.t1.v2.1	332	PUWS_4n	CESiberia_2n	304	dxy_pixy	0.0157131
AL1G36390.t1.v2.1	332	UKScandinavia_2n	CESiberia_2n	304	dxy_pixy	0.0186266
AL1G36390.t1.v2.1	332	UKScandinavia_2n	PUWS_4n	304	dxy_pixy	0.0202303
AL1G36390.t1.v2.1	332	LE_2n	CESiberia_2n	304	dxy_pixy	0.0130128
AL1G36390.t1.v2.1	332	UKScandinavia_2n	LE_2n	304	dxy_pixy	0.0208785
AL1G36390.t1.v2.1	332	PUWS_4n	LE_2n	304	dxy_pixy	0.0173734
AL1G36580.t1.v2.1	449	UKScandinavia_2n	.	412	pi_pixy	0.0193991
AL1G36580.t1.v2.1	449	PUWS_4n	.	410	pi_pixy	0.0210905
AL1G36580.t1.v2.1	449	CESiberia_2n	.	410	pi_pixy	0.0204065
AL1G36580.t1.v2.1	449	LE_2n	.	411	pi_pixy	0.0196312
AL1G36580.t1.v2.1	449	PUWS_4n	CESiberia_2n	409	dxy_pixy	0.0233583
AL1G36580.t1.v2.1	449	UKScandinavia_2n	CESiberia_2n	410	dxy_pixy	0.0376587
AL1G36580.t1.v2.1	449	UKScandinavia_2n	PUWS_4n	410	dxy_pixy	0.0299141
AL1G36580.t1.v2.1	449	LE_2n	CESiberia_2n	410	dxy_pixy	0.0263819
AL1G36580.t1.v2.1	449	UKScandinavia_2n	LE_2n	411	dxy_pixy	0.0260924
AL1G36580.t1.v2.1	449	PUWS_4n	LE_2n	410	dxy_pixy	0.0225163
AL1G36670.t1.v2.1	83	UKScandinavia_2n	.	78	pi_pixy	0.0347578
AL1G36670.t1.v2.1	83	PUWS_4n	.	78	pi_pixy	0.0384615
AL1G36670.t1.v2.1	83	CESiberia_2n	.	78	pi_pixy	0.0198718
AL1G36670.t1.v2.1	83	LE_2n	.	78	pi_pixy	0.0137803
AL1G36670.t1.v2.1	83	PUWS_4n	CESiberia_2n	78	dxy_pixy	0.0315934
AL1G36670.t1.v2.1	83	UKScandinavia_2n	CESiberia_2n	78	dxy_pixy	0.0320513
AL1G36670.t1.v2.1	83	UKScandinavia_2n	PUWS_4n	78	dxy_pixy	0.0379121
AL1G36670.t1.v2.1	83	LE_2n	CESiberia_2n	78	dxy_pixy	0.0174397
AL1G36670.t1.v2.1	83	UKScandinavia_2n	LE_2n	78	dxy_pixy	0.0308446
AL1G36670.t1.v2.1	83	PUWS_4n	LE_2n	78	dxy_pixy	0.0291694
AL1G36610.t1.v2.1	113	UKScandinavia_2n	.	106	pi_pixy	0.00440252
AL1G36610.t1.v2.1	113	PUWS_4n	.	106	pi_pixy	0
AL1G36610.t1.v2.1	113	CESiberia_2n	.	106	pi_pixy	0.00117925
AL1G36610.t1.v2.1	113	LE_2n	.	106	pi_pixy	0
AL1G36610.t1.v2.1	113	PUWS_4n	CESiberia_2n	106	dxy_pixy	0.000591216
AL1G36610.t1.v2.1	113	UKScandinavia_2n	CESiberia_2n	106	dxy_pixy	0.0071934
AL1G36610.t1.v2.1	113	UKScandinavia_2n	PUWS_4n	106	dxy_pixy	0.00662162
AL1G36610.t1.v2.1	113	LE_2n	CESiberia_2n	106	dxy_pixy	0.000589623
AL1G36610.t1.v2.1	113	UKScandinavia_2n	LE_2n	106	dxy_pixy	0.00660377
AL1G36610.t1.v2.1	113	PUWS_4n	LE_2n	106	dxy_pixy	0
AL1G36420.t1.v2.1	391	UKScandinavia_2n	.	356	pi_pixy	0.0127965
AL1G36420.t1.v2.1	391	PUWS_4n	.	356	pi_pixy	0.00385679
AL1G36420.t1.v2.1	391	CESiberia_2n	.	356	pi_pixy	0.00518884
AL1G36420.t1.v2.1	391	LE_2n	.	356	pi_pixy	0.0083087
AL1G36420.t1.v2.1	391	PUWS_4n	CESiberia_2n	356	dxy_pixy	0.00560323
AL1G36420.t1.v2.1	391	UKScandinavia_2n	CESiberia_2n	356	dxy_pixy	0.0123322
AL1G36420.t1.v2.1	391	UKScandinavia_2n	PUWS_4n	356	dxy_pixy	0.0107745
AL1G36420.t1.v2.1	391	LE_2n	CESiberia_2n	356	dxy_pixy	0.00715448
AL1G36420.t1.v2.1	391	UKScandinavia_2n	LE_2n	356	dxy_pixy	0.0143505
AL1G36420.t1.v2.1	391	PUWS_4n	LE_2n	356	dxy_pixy	0.00767578
AL1G36600.t1.v2.1	484	UKScandinavia_2n	.	444	pi_pixy	0.0239239
AL1G36600.t1.v2.1	484	PUWS_4n	.	444	pi_pixy	0.0216586
AL1G36600.t1.v2.1	484	CESiberia_2n	.	444	pi_pixy	0.0166479
AL1G36600.t1.v2.1	484	LE_2n	.	444	pi_pixy	0.01856
AL1G36600.t1.v2.1	484	PUWS_4n	CESiberia_2n	444	dxy_pixy	0.0205619
AL1G36600.t1.v2.1	484	UKScandinavia_2n	CESiberia_2n	444	dxy_pixy	0.0442849
AL1G36600.t1.v2.1	484	UKScandinavia_2n	PUWS_4n	444	dxy_pixy	0.0445946
AL1G36600.t1.v2.1	484	LE_2n	CESiberia_2n	444	dxy_pixy	0.0195292
AL1G36600.t1.v2.1	484	UKScandinavia_2n	LE_2n	444	dxy_pixy	0.0454822
AL1G36600.t1.v2.1	484	PUWS_4n	LE_2n	444	dxy_pixy	0.0208806
AL1G36480.t1.v2.1	292	UKScandinavia_2n	.	266	pi_pixy	0.0160401
AL1G36480.t1.v2.1	292	PUWS_4n	.	265	pi_pixy	0.00578017
AL1G36480.t1.v2.1	292	CESiberia_2n	.	266	pi_pixy	0.0189223
AL1G36480.t1.v2.1	292	LE_2n	.	266	pi_pixy	0.00365888
AL1G36480.t1.v2.1	292	PUWS_4n	CESiberia_2n	265	dxy_pixy	0.013873
AL1G36480.t1.v2.1	292	UKScandinavia_2n	CESiberia_2n	266	dxy_pixy	0.0191259
AL1G36480.t1.v2.1	292	UKScandinavia_2n	PUWS_4n	265	dxy_pixy	0.0116442
AL1G36480.t1.v2.1	292	LE_2n	CESiberia_2n	266	dxy_pixy	0.0129368
AL1G36480.t1.v2.1	292	UKScandinavia_2n	LE_2n	266	dxy_pixy	0.0114551
AL1G36480.t1.v2.1	292	PUWS_4n	LE_2n	265	dxy_pixy	0.00554146
AL1G36690.t1.v2.1	83	UKScandinavia_2n	.	78	pi_pixy	0.0119658
AL1G36690.t1.v2.1	83	PUWS_4n	.	78	pi_pixy	0.0162479
AL1G36690.t1.v2.1	83	CESiberia_2n	.	78	pi_pixy	0.00459402
AL1G36690.t1.v2.1	83	LE_2n	.	78	pi_pixy	0.00730094
AL1G36690.t1.v2.1	83	PUWS_4n	CESiberia_2n	78	dxy_pixy	0.0135261
AL1G36690.t1.v2.1	83	UKScandinavia_2n	CESiberia_2n	78	dxy_pixy	0.0229167
AL1G36690.t1.v2.1	83	UKScandinavia_2n	PUWS_4n	78	dxy_pixy	0.0326493
AL1G36690.t1.v2.1	83	LE_2n	CESiberia_2n	78	dxy_pixy	0.00627358
AL1G36690.t1.v2.1	83	UKScandinavia_2n	LE_2n	78	dxy_pixy	0.0250566
AL1G36690.t1.v2.1	83	PUWS_4n	LE_2n	78	dxy_pixy	0.0135914
AL1G36640.t1.v2.1	279	UKScandinavia_2n	.	268	pi_pixy	0
AL1G36640.t1.v2.1	279	PUWS_4n	.	268	pi_pixy	0.0151919
AL1G36640.t1.v2.1	279	CESiberia_2n	.	268	pi_pixy	0.0112975
AL1G36640.t1.v2.1	279	LE_2n	.	268	pi_pixy	0.0167545
AL1G36640.t1.v2.1	279	PUWS_4n	CESiberia_2n	268	dxy_pixy	0.0199153
AL1G36640.t1.v2.1	279	UKScandinavia_2n	CESiberia_2n	268	dxy_pixy	0.0212319
AL1G36640.t1.v2.1	279	UKScandinavia_2n	PUWS_4n	268	dxy_pixy	0.0110608
AL1G36640.t1.v2.1	279	LE_2n	CESiberia_2n	268	dxy_pixy	0.0188713
AL1G36640.t1.v2.1	279	UKScandinavia_2n	LE_2n	268	dxy_pixy	0.0150351
AL1G36640.t1.v2.1	279	PUWS_4n	LE_2n	268	dxy_pixy	0.0167518
AL1G36510.t1.v2.1	288	UKScandinavia_2n	.	259	pi_pixy	0.000772201
AL1G36510.t1.v2.1	288	PUWS_4n	.	259	pi_pixy	0.00570979
AL1G36510.t1.v2.1	288	CESiberia_2n	.	259	pi_pixy	0.00582368
AL1G36510.t1.v2.1	288	LE_2n	.	259	pi_pixy	0.004212
AL1G36510.t1.v2.1	288	PUWS_4n	CESiberia_2n	259	dxy_pixy	0.00598111
AL1G36510.t1.v2.1	288	UKScandinavia_2n	CESiberia_2n	259	dxy_pixy	0.00583977
AL1G36510.t1.v2.1	288	UKScandinavia_2n	PUWS_4n	259	dxy_pixy	0.00510204
AL1G36510.t1.v2.1	288	LE_2n	CESiberia_2n	259	dxy_pixy	0.00506757
AL1G36510.t1.v2.1	288	UKScandinavia_2n	LE_2n	259	dxy_pixy	0.00490575
AL1G36510.t1.v2.1	288	PUWS_4n	LE_2n	259	dxy_pixy	0.00498848
AL1G36300.t1.v2.1	511	UKScandinavia_2n	.	470	pi_pixy	0.0139439
AL1G36300.t1.v2.1	511	PUWS_4n	.	470	pi_pixy	0.0160961
AL1G36300.t1.v2.1	511	CESiberia_2n	.	470	pi_pixy	0.00124113
AL1G36300.t1.v2.1	511	LE_2n	.	470	pi_pixy	0.00789322
AL1G36300.t1.v2.1	511	PUWS_4n	CESiberia_2n	470	dxy_pixy	0.010404
AL1G36300.t1.v2.1	511	UKScandinavia_2n	CESiberia_2n	470	dxy_pixy	0.0131579
AL1G36300.t1.v2.1	511	UKScandinavia_2n	PUWS_4n	470	dxy_pixy	0.019934
AL1G36300.t1.v2.1	511	LE_2n	CESiberia_2n	470	dxy_pixy	0.00486584
AL1G36300.t1.v2.1	511	UKScandinavia_2n	LE_2n	470	dxy_pixy	0.0143635
AL1G36300.t1.v2.1	511	PUWS_4n	LE_2n	470	dxy_pixy	0.0136541
AL1G36680.t1.v2.1	217	UKScandinavia_2n	.	200	pi_pixy	0.0161111
AL1G36680.t1.v2.1	217	PUWS_4n	.	201	pi_pixy	0.0135221
AL1G36680.t1.v2.1	217	CESiberia_2n	.	201	pi_pixy	0.00526534
AL1G36680.t1.v2.1	217	LE_2n	.	201	pi_pixy	0.0108992
AL1G36680.t1.v2.1	217	PUWS_4n	CESiberia_2n	201	dxy_pixy	0.01278
AL1G36680.t1.v2.1	217	UKScandinavia_2n	CESiberia_2n	200	dxy_pixy	0.0265
AL1G36680.t1.v2.1	217	UKScandinavia_2n	PUWS_4n	200	dxy_pixy	0.0200322
AL1G36680.t1.v2.1	217	LE_2n	CESiberia_2n	201	dxy_pixy	0.00934665
AL1G36680.t1.v2.1	217	UKScandinavia_2n	LE_2n	200	dxy_pixy	0.0233529
AL1G36680.t1.v2.1	217	PUWS_4n	LE_2n	201	dxy_pixy	0.0130219
AL1G36810.t1.v2.1	43	UKScandinavia_2n	.	37	pi_pixy	0.00960961
AL1G36810.t1.v2.1	43	PUWS_4n	.	37	pi_pixy	0.016445
AL1G36810.t1.v2.1	43	CESiberia_2n	.	37	pi_pixy	0
AL1G36810.t1.v2.1	43	LE_2n	.	37	pi_pixy	0.0216794
AL1G36810.t1.v2.1	43	PUWS_4n	CESiberia_2n	37	dxy_pixy	0.00965251
AL1G36810.t1.v2.1	43	UKScandinavia_2n	CESiberia_2n	37	dxy_pixy	0.00540541
AL1G36810.t1.v2.1	43	UKScandinavia_2n	PUWS_4n	37	dxy_pixy	0.0131274
AL1G36810.t1.v2.1	43	LE_2n	CESiberia_2n	37	dxy_pixy	0.0143084
AL1G36810.t1.v2.1	43	UKScandinavia_2n	LE_2n	37	dxy_pixy	0.0168521
AL1G36810.t1.v2.1	43	PUWS_4n	LE_2n	37	dxy_pixy	0.0188508
AL1G36620.t1.v2.1	118	UKScandinavia_2n	.	109	pi_pixy	0.0163666
AL1G36620.t1.v2.1	118	PUWS_4n	.	109	pi_pixy	0.0224331
AL1G36620.t1.v2.1	118	CESiberia_2n	.	109	pi_pixy	0.0134557
AL1G36620.t1.v2.1	118	LE_2n	.	109	pi_pixy	0.0151433
AL1G36620.t1.v2.1	118	PUWS_4n	CESiberia_2n	109	dxy_pixy	0.019521
AL1G36620.t1.v2.1	118	UKScandinavia_2n	CESiberia_2n	109	dxy_pixy	0.0284926
AL1G36620.t1.v2.1	118	UKScandinavia_2n	PUWS_4n	109	dxy_pixy	0.0283986
AL1G36620.t1.v2.1	118	LE_2n	CESiberia_2n	109	dxy_pixy	0.0163249
AL1G36620.t1.v2.1	118	UKScandinavia_2n	LE_2n	109	dxy_pixy	0.0240593
AL1G36620.t1.v2.1	118	PUWS_4n	LE_2n	109	dxy_pixy	0.018971
AL1G36790.t1.v2.1	92	UKScandinavia_2n	.	84	pi_pixy	0.0213436
AL1G36790.t1.v2.1	92	PUWS_4n	.	83	pi_pixy	0.024607
AL1G36790.t1.v2.1	92	CESiberia_2n	.	84	pi_pixy	0.0249342
AL1G36790.t1.v2.1	92	LE_2n	.	82	pi_pixy	0.0287925
AL1G36790.t1.v2.1	92	PUWS_4n	CESiberia_2n	83	dxy_pixy	0.032067
AL1G36790.t1.v2.1	92	UKScandinavia_2n	CESiberia_2n	84	dxy_pixy	0.0278955
AL1G36790.t1.v2.1	92	UKScandinavia_2n	PUWS_4n	83	dxy_pixy	0.0314251
AL1G36790.t1.v2.1	92	LE_2n	CESiberia_2n	82	dxy_pixy	0.0283736
AL1G36790.t1.v2.1	92	UKScandinavia_2n	LE_2n	82	dxy_pixy	0.0228019
AL1G36790.t1.v2.1	92	PUWS_4n	LE_2n	82	dxy_pixy	0.0317546
AL1G36820.t1.v2.1	96	UKScandinavia_2n	.	89	pi_pixy	0.00224719
AL1G36820.t1.v2.1	96	PUWS_4n	.	89	pi_pixy	0.0113251
AL1G36820.t1.v2.1	96	CESiberia_2n	.	89	pi_pixy	0.00449438
AL1G36820.t1.v2.1	96	LE_2n	.	89	pi_pixy	0.0121172
AL1G36820.t1.v2.1	96	PUWS_4n	CESiberia_2n	89	dxy_pixy	0.0104334
AL1G36820.t1.v2.1	96	UKScandinavia_2n	CESiberia_2n	89	dxy_pixy	0.00786517
AL1G36820.t1.v2.1	96	UKScandinavia_2n	PUWS_4n	89	dxy_pixy	0.00730337
AL1G36820.t1.v2.1	96	LE_2n	CESiberia_2n	89	dxy_pixy	0.0120621
AL1G36820.t1.v2.1	96	UKScandinavia_2n	LE_2n	89	dxy_pixy	0.00819564
AL1G36820.t1.v2.1	96	PUWS_4n	LE_2n	89	dxy_pixy	0.0127467
AL1G36800.t1.v2.1	110	UKScandinavia_2n	.	102	pi_pixy	0.00697168
AL1G36800.t1.v2.1	110	PUWS_4n	.	102	pi_pixy	0.0121964
AL1G36800.t1.v2.1	110	CESiberia_2n	.	102	pi_pixy	0.00129522
AL1G36800.t1.v2.1	110	LE_2n	.	102	pi_pixy	0.0153786
AL1G36800.t1.v2.1	110	PUWS_4n	CESiberia_2n	102	dxy_pixy	0.00752084
AL1G36800.t1.v2.1	110	UKScandinavia_2n	CESiberia_2n	102	dxy_pixy	0.0143219
AL1G36800.t1.v2.1	110	UKScandinavia_2n	PUWS_4n	102	dxy_pixy	0.018864
AL1G36800.t1.v2.1	110	LE_2n	CESiberia_2n	102	dxy_pixy	0.0168338
AL1G36800.t1.v2.1	110	UKScandinavia_2n	LE_2n	102	dxy_pixy	0.0293913
AL1G36800.t1.v2.1	110	PUWS_4n	LE_2n	102	dxy_pixy	0.0206692
AL1G36880.t1.v2.1	84	UKScandinavia_2n	.	55	pi_pixy	0.00528169
AL1G36880.t1.v2.1	84	PUWS_4n	.	82	pi_pixy	0.0170324
AL1G36880.t1.v2.1	84	CESiberia_2n	.	82	pi_pixy	0.0251262
AL1G36880.t1.v2.1	84	LE_2n	.	82	pi_pixy	0.0279394
AL1G36880.t1.v2.1	84	PUWS_4n	CESiberia_2n	82	dxy_pixy	0.0323973
AL1G36880.t1.v2.1	84	UKScandinavia_2n	CESiberia_2n	55	dxy_pixy	0.0291642
AL1G36880.t1.v2.1	84	UKScandinavia_2n	PUWS_4n	55	dxy_pixy	0.00799419
AL1G36880.t1.v2.1	84	LE_2n	CESiberia_2n	82	dxy_pixy	0.0257934
AL1G36880.t1.v2.1	84	UKScandinavia_2n	LE_2n	55	dxy_pixy	0.0298782
AL1G36880.t1.v2.1	84	PUWS_4n	LE_2n	82	dxy_pixy	0.0334833
AL1G36990.t1.v2.1	77	UKScandinavia_2n	.	73	pi_pixy	0
AL1G36990.t1.v2.1	77	PUWS_4n	.	73	pi_pixy	0.00138403
AL1G36990.t1.v2.1	77	CESiberia_2n	.	55	pi_pixy	0.00424242
AL1G36990.t1.v2.1	77	LE_2n	.	58	pi_pixy	0.00544429
AL1G36990.t1.v2.1	77	PUWS_4n	CESiberia_2n	55	dxy_pixy	0.00303819
AL1G36990.t1.v2.1	77	UKScandinavia_2n	CESiberia_2n	55	dxy_pixy	0.00227273
AL1G36990.t1.v2.1	77	UKScandinavia_2n	PUWS_4n	73	dxy_pixy	0.000816993
AL1G36990.t1.v2.1	77	LE_2n	CESiberia_2n	55	dxy_pixy	0.00548128
AL1G36990.t1.v2.1	77	UKScandinavia_2n	LE_2n	58	dxy_pixy	0.00320598
AL1G36990.t1.v2.1	77	PUWS_4n	LE_2n	58	dxy_pixy	0.00361654
AL1G36430.t1.v2.1	406	UKScandinavia_2n	.	377	pi_pixy	0.0103743
AL1G36430.t1.v2.1	406	PUWS_4n	.	377	pi_pixy	0.0128837
AL1G36430.t1.v2.1	406	CESiberia_2n	.	377	pi_pixy	0.00753758
AL1G36430.t1.v2.1	406	LE_2n	.	377	pi_pixy	0.00955569
AL1G36430.t1.v2.1	406	PUWS_4n	CESiberia_2n	377	dxy_pixy	0.0117706
AL1G36430.t1.v2.1	406	UKScandinavia_2n	CESiberia_2n	377	dxy_pixy	0.01313
AL1G36430.t1.v2.1	406	UKScandinavia_2n	PUWS_4n	377	dxy_pixy	0.0161425
AL1G36430.t1.v2.1	406	LE_2n	CESiberia_2n	377	dxy_pixy	0.00988844
AL1G36430.t1.v2.1	406	UKScandinavia_2n	LE_2n	377	dxy_pixy	0.0141052
AL1G36430.t1.v2.1	406	PUWS_4n	LE_2n	377	dxy_pixy	0.0138199
AL1G36500.t1.v2.1	497	UKScandinavia_2n	.	457	pi_pixy	0.0104547
AL1G36500.t1.v2.1	497	PUWS_4n	.	457	pi_pixy	0.0117131
AL1G36500.t1.v2.1	497	CESiberia_2n	.	457	pi_pixy	0.0066922
AL1G36500.t1.v2.1	497	LE_2n	.	457	pi_pixy	0.00924423
AL1G36500.t1.v2.1	497	PUWS_4n	CESiberia_2n	457	dxy_pixy	0.0147795
AL1G36500.t1.v2.1	497	UKScandinavia_2n	CESiberia_2n	457	dxy_pixy	0.0133206
AL1G36500.t1.v2.1	497	UKScandinavia_2n	PUWS_4n	457	dxy_pixy	0.0143885
AL1G36500.t1.v2.1	497	LE_2n	CESiberia_2n	457	dxy_pixy	0.0108584
AL1G36500.t1.v2.1	497	UKScandinavia_2n	LE_2n	457	dxy_pixy	0.0125532
AL1G36500.t1.v2.1	497	PUWS_4n	LE_2n	457	dxy_pixy	0.0118186
AL1G36630.t1.v2.1	218	UKScandinavia_2n	.	198	pi_pixy	0.0117845
AL1G36630.t1.v2.1	218	PUWS_4n	.	198	pi_pixy	0.0149377
AL1G36630.t1.v2.1	218	CESiberia_2n	.	198	pi_pixy	0.00455101
AL1G36630.t1.v2.1	218	LE_2n	.	198	pi_pixy	0.00970489
AL1G36630.t1.v2.1	218	PUWS_4n	CESiberia_2n	198	dxy_pixy	0.0125214
AL1G36630.t1.v2.1	218	UKScandinavia_2n	CESiberia_2n	198	dxy_pixy	0.00884397
AL1G36630.t1.v2.1	218	UKScandinavia_2n	PUWS_4n	198	dxy_pixy	0.0143579
AL1G36630.t1.v2.1	218	LE_2n	CESiberia_2n	198	dxy_pixy	0.00824941
AL1G36630.t1.v2.1	218	UKScandinavia_2n	LE_2n	198	dxy_pixy	0.0107249
AL1G36630.t1.v2.1	218	PUWS_4n	LE_2n	198	dxy_pixy	0.0136979
AL1G36840.t1.v2.1	507	UKScandinavia_2n	.	459	pi_pixy	0.00929557
AL1G36840.t1.v2.1	507	PUWS_4n	.	459	pi_pixy	0.00810877
AL1G36840.t1.v2.1	507	CESiberia_2n	.	459	pi_pixy	0.00388935
AL1G36840.t1.v2.1	507	LE_2n	.	459	pi_pixy	0.00718247
AL1G36840.t1.v2.1	507	PUWS_4n	CESiberia_2n	459	dxy_pixy	0.00673269
AL1G36840.t1.v2.1	507	UKScandinavia_2n	CESiberia_2n	459	dxy_pixy	0.0180109
AL1G36840.t1.v2.1	507	UKScandinavia_2n	PUWS_4n	459	dxy_pixy	0.0159937
AL1G36840.t1.v2.1	507	LE_2n	CESiberia_2n	459	dxy_pixy	0.00604589
AL1G36840.t1.v2.1	507	UKScandinavia_2n	LE_2n	459	dxy_pixy	0.0165231
AL1G36840.t1.v2.1	507	PUWS_4n	LE_2n	459	dxy_pixy	0.00749963
AL1G36570.t1.v2.1	167	UKScandinavia_2n	.	154	pi_pixy	0.0116883
AL1G36570.t1.v2.1	167	PUWS_4n	.	154	pi_pixy	0.012987
AL1G36570.t1.v2.1	167	CESiberia_2n	.	154	pi_pixy	0.00535714
AL1G36570.t1.v2.1	167	LE_2n	.	154	pi_pixy	0.015116
AL1G36570.t1.v2.1	167	PUWS_4n	CESiberia_2n	154	dxy_pixy	0.0100301
AL1G36570.t1.v2.1	167	UKScandinavia_2n	CESiberia_2n	154	dxy_pixy	0.0362825
AL1G36570.t1.v2.1	167	UKScandinavia_2n	PUWS_4n	154	dxy_pixy	0.040538
AL1G36570.t1.v2.1	167	LE_2n	CESiberia_2n	154	dxy_pixy	0.011381
AL1G36570.t1.v2.1	167	UKScandinavia_2n	LE_2n	154	dxy_pixy	0.0345448
AL1G36570.t1.v2.1	167	PUWS_4n	LE_2n	154	dxy_pixy	0.016122
AL1G36660.t1.v2.1	603	UKScandinavia_2n	.	556	pi_pixy	0.00679456
AL1G36660.t1.v2.1	603	PUWS_4n	.	556	pi_pixy	0.0052006
AL1G36660.t1.v2.1	603	CESiberia_2n	.	556	pi_pixy	0.00308753
AL1G36660.t1.v2.1	603	LE_2n	.	556	pi_pixy	0.00341659
AL1G36660.t1.v2.1	603	PUWS_4n	CESiberia_2n	556	dxy_pixy	0.00444823
AL1G36660.t1.v2.1	603	UKScandinavia_2n	CESiberia_2n	556	dxy_pixy	0.00957734
AL1G36660.t1.v2.1	603	UKScandinavia_2n	PUWS_4n	556	dxy_pixy	0.0110868
AL1G36660.t1.v2.1	603	LE_2n	CESiberia_2n	556	dxy_pixy	0.0051554
AL1G36660.t1.v2.1	603	UKScandinavia_2n	LE_2n	556	dxy_pixy	0.0122285
AL1G36660.t1.v2.1	603	PUWS_4n	LE_2n	556	dxy_pixy	0.0062778
AL1G36490.t1.v2.1	828	UKScandinavia_2n	.	755	pi_pixy	0.00573951
AL1G36490.t1.v2.1	828	PUWS_4n	.	755	pi_pixy	0.0059042
AL1G36490.t1.v2.1	828	CESiberia_2n	.	755	pi_pixy	0.00817881
AL1G36490.t1.v2.1	828	LE_2n	.	755	pi_pixy	0.00761176
AL1G36490.t1.v2.1	828	PUWS_4n	CESiberia_2n	755	dxy_pixy	0.00835501
AL1G36490.t1.v2.1	828	UKScandinavia_2n	CESiberia_2n	755	dxy_pixy	0.00970199
AL1G36490.t1.v2.1	828	UKScandinavia_2n	PUWS_4n	755	dxy_pixy	0.00720908
AL1G36490.t1.v2.1	828	LE_2n	CESiberia_2n	755	dxy_pixy	0.0102625
AL1G36490.t1.v2.1	828	UKScandinavia_2n	LE_2n	755	dxy_pixy	0.00998052
AL1G36490.t1.v2.1	828	PUWS_4n	LE_2n	755	dxy_pixy	0.00880405
AL1G37060.t1.v2.1	138	UKScandinavia_2n	.	115	pi_pixy	0.00776788
AL1G37060.t1.v2.1	138	PUWS_4n	.	117	pi_pixy	0.0118144
AL1G37060.t1.v2.1	138	CESiberia_2n	.	117	pi_pixy	0.00971162
AL1G37060.t1.v2.1	138	LE_2n	.	117	pi_pixy	0.016174
AL1G37060.t1.v2.1	138	PUWS_4n	CESiberia_2n	117	dxy_pixy	0.0118715
AL1G37060.t1.v2.1	138	UKScandinavia_2n	CESiberia_2n	115	dxy_pixy	0.0158327
AL1G37060.t1.v2.1	138	UKScandinavia_2n	PUWS_4n	115	dxy_pixy	0.0149148
AL1G37060.t1.v2.1	138	LE_2n	CESiberia_2n	117	dxy_pixy	0.0138644
AL1G37060.t1.v2.1	138	UKScandinavia_2n	LE_2n	115	dxy_pixy	0.016186
AL1G37060.t1.v2.1	138	PUWS_4n	LE_2n	117	dxy_pixy	0.0130643
AL1G37030.t1.v2.1	118	UKScandinavia_2n	.	106	pi_pixy	0.0033543
AL1G37030.t1.v2.1	118	PUWS_4n	.	106	pi_pixy	0.00368754
AL1G37030.t1.v2.1	118	CESiberia_2n	.	106	pi_pixy	0.00471698
AL1G37030.t1.v2.1	118	LE_2n	.	106	pi_pixy	0.00227518
AL1G37030.t1.v2.1	118	PUWS_4n	CESiberia_2n	106	dxy_pixy	0.00532095
AL1G37030.t1.v2.1	118	UKScandinavia_2n	CESiberia_2n	106	dxy_pixy	0.00542453
AL1G37030.t1.v2.1	118	UKScandinavia_2n	PUWS_4n	106	dxy_pixy	0.00331081
AL1G37030.t1.v2.1	118	LE_2n	CESiberia_2n	106	dxy_pixy	0.00520833
AL1G37030.t1.v2.1	118	UKScandinavia_2n	LE_2n	106	dxy_pixy	0.00261111
AL1G37030.t1.v2.1	118	PUWS_4n	LE_2n	106	dxy_pixy	0.00292456
AL1G37000.t1.v2.1	120	UKScandinavia_2n	.	67	pi_pixy	0.0193966
AL1G37000.t1.v2.1	120	PUWS_4n	.	57	pi_pixy	0
AL1G37000.t1.v2.1	120	CESiberia_2n	.	104	pi_pixy	0.0015748
AL1G37000.t1.v2.1	120	LE_2n	.	118	pi_pixy	0.00110668
AL1G37000.t1.v2.1	120	PUWS_4n	CESiberia_2n	44	dxy_pixy	0.0105263
AL1G37000.t1.v2.1	120	UKScandinavia_2n	CESiberia_2n	67	dxy_pixy	0.0330243
AL1G37000.t1.v2.1	120	UKScandinavia_2n	PUWS_4n	37	dxy_pixy	0
AL1G37000.t1.v2.1	120	LE_2n	CESiberia_2n	104	dxy_pixy	0.0014892
AL1G37000.t1.v2.1	120	UKScandinavia_2n	LE_2n	67	dxy_pixy	0.0257697
AL1G37000.t1.v2.1	120	PUWS_4n	LE_2n	57	dxy_pixy	0.00753296
AL1G36520.t1.v2.1	481	UKScandinavia_2n	.	437	pi_pixy	0.00127129
AL1G36520.t1.v2.1	481	PUWS_4n	.	437	pi_pixy	0.00707687
AL1G36520.t1.v2.1	481	CESiberia_2n	.	437	pi_pixy	0.00770404
AL1G36520.t1.v2.1	481	LE_2n	.	437	pi_pixy	0.00776443
AL1G36520.t1.v2.1	481	PUWS_4n	CESiberia_2n	437	dxy_pixy	0.00935763
AL1G36520.t1.v2.1	481	UKScandinavia_2n	CESiberia_2n	437	dxy_pixy	0.00783753
AL1G36520.t1.v2.1	481	UKScandinavia_2n	PUWS_4n	437	dxy_pixy	0.00681595
AL1G36520.t1.v2.1	481	LE_2n	CESiberia_2n	437	dxy_pixy	0.0104587
AL1G36520.t1.v2.1	481	UKScandinavia_2n	LE_2n	437	dxy_pixy	0.0101777
AL1G36520.t1.v2.1	481	PUWS_4n	LE_2n	437	dxy_pixy	0.00849104
AL1G37070.t1.v2.1	130	UKScandinavia_2n	.	122	pi_pixy	0.00163934
AL1G37070.t1.v2.1	130	PUWS_4n	.	122	pi_pixy	0.00229855
AL1G37070.t1.v2.1	130	CESiberia_2n	.	122	pi_pixy	0
AL1G37070.t1.v2.1	130	LE_2n	.	122	pi_pixy	0.00232313
AL1G37070.t1.v2.1	130	PUWS_4n	CESiberia_2n	122	dxy_pixy	0.00117096
AL1G37070.t1.v2.1	130	UKScandinavia_2n	CESiberia_2n	122	dxy_pixy	0.000819672
AL1G37070.t1.v2.1	130	UKScandinavia_2n	PUWS_4n	122	dxy_pixy	0.00199063
AL1G37070.t1.v2.1	130	LE_2n	CESiberia_2n	122	dxy_pixy	0.0012054
AL1G37070.t1.v2.1	130	UKScandinavia_2n	LE_2n	122	dxy_pixy	0.00202507
AL1G37070.t1.v2.1	130	PUWS_4n	LE_2n	122	dxy_pixy	0.00237636
AL1G36920.t1.v2.1	147	UKScandinavia_2n	.	135	pi_pixy	0.00592593
AL1G36920.t1.v2.1	147	PUWS_4n	.	135	pi_pixy	0.0410739
AL1G36920.t1.v2.1	147	CESiberia_2n	.	135	pi_pixy	0.0117284
AL1G36920.t1.v2.1	147	LE_2n	.	135	pi_pixy	0.0146406
AL1G36920.t1.v2.1	147	PUWS_4n	CESiberia_2n	135	dxy_pixy	0.0308201
AL1G36920.t1.v2.1	147	UKScandinavia_2n	CESiberia_2n	135	dxy_pixy	0.0157407
AL1G36920.t1.v2.1	147	UKScandinavia_2n	PUWS_4n	135	dxy_pixy	0.0371958
AL1G36920.t1.v2.1	147	LE_2n	CESiberia_2n	135	dxy_pixy	0.0188782
AL1G36920.t1.v2.1	147	UKScandinavia_2n	LE_2n	135	dxy_pixy	0.0310781
AL1G36920.t1.v2.1	147	PUWS_4n	LE_2n	135	dxy_pixy	0.0305076
AL1G37040.t1.v2.1	132	UKScandinavia_2n	.	126	pi_pixy	0
AL1G37040.t1.v2.1	132	PUWS_4n	.	126	pi_pixy	0.00789452
AL1G37040.t1.v2.1	132	CESiberia_2n	.	126	pi_pixy	0.000992063
AL1G37040.t1.v2.1	132	LE_2n	.	126	pi_pixy	0.00540418
AL1G37040.t1.v2.1	132	PUWS_4n	CESiberia_2n	126	dxy_pixy	0.0057398
AL1G37040.t1.v2.1	132	UKScandinavia_2n	CESiberia_2n	126	dxy_pixy	0.000496032
AL1G37040.t1.v2.1	132	UKScandinavia_2n	PUWS_4n	126	dxy_pixy	0.00566893
AL1G37040.t1.v2.1	132	LE_2n	CESiberia_2n	126	dxy_pixy	0.0098331
AL1G37040.t1.v2.1	132	UKScandinavia_2n	LE_2n	126	dxy_pixy	0.0102708
AL1G37040.t1.v2.1	132	PUWS_4n	LE_2n	126	dxy_pixy	0.00863679
AL1G37130.t1.v2.1	116	UKScandinavia_2n	.	105	pi_pixy	0.00888889
AL1G37130.t1.v2.1	116	PUWS_4n	.	105	pi_pixy	0.000680272
AL1G37130.t1.v2.1	116	CESiberia_2n	.	105	pi_pixy	0
AL1G37130.t1.v2.1	116	LE_2n	.	105	pi_pixy	0.00874289
AL1G37130.t1.v2.1	116	PUWS_4n	CESiberia_2n	105	dxy_pixy	0.000340136
AL1G37130.t1.v2.1	116	UKScandinavia_2n	CESiberia_2n	105	dxy_pixy	0.00571429
AL1G37130.t1.v2.1	116	UKScandinavia_2n	PUWS_4n	105	dxy_pixy	0.00591837
AL1G37130.t1.v2.1	116	LE_2n	CESiberia_2n	105	dxy_pixy	0.00532213
AL1G37130.t1.v2.1	116	UKScandinavia_2n	LE_2n	105	dxy_pixy	0.0104762
AL1G37130.t1.v2.1	116	PUWS_4n	LE_2n	105	dxy_pixy	0.00566226
AL1G37120.t1.v2.1	341	UKScandinavia_2n	.	313	pi_pixy	0.0104366
AL1G37120.t1.v2.1	341	PUWS_4n	.	313	pi_pixy	0.00825769
AL1G37120.t1.v2.1	341	CESiberia_2n	.	313	pi_pixy	0.00308839
AL1G37120.t1.v2.1	341	LE_2n	.	313	pi_pixy	0.00568929
AL1G37120.t1.v2.1	341	PUWS_4n	CESiberia_2n	313	dxy_pixy	0.008301
AL1G37120.t1.v2.1	341	UKScandinavia_2n	CESiberia_2n	313	dxy_pixy	0.0180511
AL1G37120.t1.v2.1	341	UKScandinavia_2n	PUWS_4n	313	dxy_pixy	0.0177773
AL1G37120.t1.v2.1	341	LE_2n	CESiberia_2n	313	dxy_pixy	0.00479233
AL1G37120.t1.v2.1	341	UKScandinavia_2n	LE_2n	313	dxy_pixy	0.017102
AL1G37120.t1.v2.1	341	PUWS_4n	LE_2n	313	dxy_pixy	0.00818187
AL1G36830.t1.v2.1	112	UKScandinavia_2n	.	91	pi_pixy	0
AL1G36830.t1.v2.1	112	PUWS_4n	.	91	pi_pixy	0.00487956
AL1G36830.t1.v2.1	112	CESiberia_2n	.	91	pi_pixy	0.0073157
AL1G36830.t1.v2.1	112	LE_2n	.	91	pi_pixy	0.0164193
AL1G36830.t1.v2.1	112	PUWS_4n	CESiberia_2n	91	dxy_pixy	0.00616776
AL1G36830.t1.v2.1	112	UKScandinavia_2n	CESiberia_2n	91	dxy_pixy	0.0041876
AL1G36830.t1.v2.1	112	UKScandinavia_2n	PUWS_4n	91	dxy_pixy	0.00246467
AL1G36830.t1.v2.1	112	LE_2n	CESiberia_2n	91	dxy_pixy	0.0133816
AL1G36830.t1.v2.1	112	UKScandinavia_2n	LE_2n	91	dxy_pixy	0.0120273
AL1G36830.t1.v2.1	112	PUWS_4n	LE_2n	91	dxy_pixy	0.013421
AL1G36870.t1.v2.1	456	UKScandinavia_2n	.	421	pi_pixy	0.00791766
AL1G36870.t1.v2.1	456	PUWS_4n	.	421	pi_pixy	0.0176848
AL1G36870.t1.v2.1	456	CESiberia_2n	.	421	pi_pixy	0.00781044
AL1G36870.t1.v2.1	456	LE_2n	.	421	pi_pixy	0.0100506
AL1G36870.t1.v2.1	456	PUWS_4n	CESiberia_2n	421	dxy_pixy	0.0150247
AL1G36870.t1.v2.1	456	UKScandinavia_2n	CESiberia_2n	421	dxy_pixy	0.013878
AL1G36870.t1.v2.1	456	UKScandinavia_2n	PUWS_4n	421	dxy_pixy	0.018455
AL1G36870.t1.v2.1	456	LE_2n	CESiberia_2n	421	dxy_pixy	0.0129723
AL1G36870.t1.v2.1	456	UKScandinavia_2n	LE_2n	421	dxy_pixy	0.0107425
AL1G36870.t1.v2.1	456	PUWS_4n	LE_2n	421	dxy_pixy	0.0179169
AL1G36590.t1.v2.1	493	UKScandinavia_2n	.	453	pi_pixy	0.001766
AL1G36590.t1.v2.1	493	PUWS_4n	.	453	pi_pixy	0.00839528
AL1G36590.t1.v2.1	493	CESiberia_2n	.	453	pi_pixy	0.00546649
AL1G36590.t1.v2.1	493	LE_2n	.	453	pi_pixy	0.00552001
AL1G36590.t1.v2.1	493	PUWS_4n	CESiberia_2n	453	dxy_pixy	0.00718505
AL1G36590.t1.v2.1	493	UKScandinavia_2n	CESiberia_2n	453	dxy_pixy	0.0038918
AL1G36590.t1.v2.1	493	UKScandinavia_2n	PUWS_4n	453	dxy_pixy	0.00611921
AL1G36590.t1.v2.1	493	LE_2n	CESiberia_2n	453	dxy_pixy	0.00577437
AL1G36590.t1.v2.1	493	UKScandinavia_2n	LE_2n	453	dxy_pixy	0.00461178
AL1G36590.t1.v2.1	493	PUWS_4n	LE_2n	453	dxy_pixy	0.00751127
AL1G37080.t1.v2.1	154	UKScandinavia_2n	.	146	pi_pixy	0.0392694
AL1G37080.t1.v2.1	154	PUWS_4n	.	145	pi_pixy	0.0392632
AL1G37080.t1.v2.1	154	CESiberia_2n	.	146	pi_pixy	0.0322868
AL1G37080.t1.v2.1	154	LE_2n	.	146	pi_pixy	0.0341977
AL1G37080.t1.v2.1	154	PUWS_4n	CESiberia_2n	145	dxy_pixy	0.0337061
AL1G37080.t1.v2.1	154	UKScandinavia_2n	CESiberia_2n	146	dxy_pixy	0.0582312
AL1G37080.t1.v2.1	154	UKScandinavia_2n	PUWS_4n	145	dxy_pixy	0.0521245
AL1G37080.t1.v2.1	154	LE_2n	CESiberia_2n	146	dxy_pixy	0.0326311
AL1G37080.t1.v2.1	154	UKScandinavia_2n	LE_2n	146	dxy_pixy	0.0559025
AL1G37080.t1.v2.1	154	PUWS_4n	LE_2n	145	dxy_pixy	0.0348175
AL1G37200.t1.v2.1	101	UKScandinavia_2n	.	97	pi_pixy	0.0139748
AL1G37200.t1.v2.1	101	PUWS_4n	.	97	pi_pixy	0.0100098
AL1G37200.t1.v2.1	101	CESiberia_2n	.	97	pi_pixy	0
AL1G37200.t1.v2.1	101	LE_2n	.	97	pi_pixy	0.00231545
AL1G37200.t1.v2.1	101	PUWS_4n	CESiberia_2n	97	dxy_pixy	0.00589971
AL1G37200.t1.v2.1	101	UKScandinavia_2n	CESiberia_2n	97	dxy_pixy	0.0113402
AL1G37200.t1.v2.1	101	UKScandinavia_2n	PUWS_4n	97	dxy_pixy	0.015708
AL1G37200.t1.v2.1	101	LE_2n	CESiberia_2n	97	dxy_pixy	0.00121286
AL1G37200.t1.v2.1	101	UKScandinavia_2n	LE_2n	97	dxy_pixy	0.0124318
AL1G37200.t1.v2.1	101	PUWS_4n	LE_2n	97	dxy_pixy	0.00711435
AL1G37150.t1.v2.1	124	UKScandinavia_2n	.	120	pi_pixy	0.0253704
AL1G37150.t1.v2.1	124	PUWS_4n	.	118	pi_pixy	0.0200655
AL1G37150.t1.v2.1	124	CESiberia_2n	.	120	pi_pixy	0.0372222
AL1G37150.t1.v2.1	124	LE_2n	.	120	pi_pixy	0.00929887
AL1G37150.t1.v2.1	124	PUWS_4n	CESiberia_2n	118	dxy_pixy	0.0263696
AL1G37150.t1.v2.1	124	UKScandinavia_2n	CESiberia_2n	120	dxy_pixy	0.034375
AL1G37150.t1.v2.1	124	UKScandinavia_2n	PUWS_4n	118	dxy_pixy	0.0245157
AL1G37150.t1.v2.1	124	LE_2n	CESiberia_2n	120	dxy_pixy	0.0250919
AL1G37150.t1.v2.1	124	UKScandinavia_2n	LE_2n	120	dxy_pixy	0.0220098
AL1G37150.t1.v2.1	124	PUWS_4n	LE_2n	118	dxy_pixy	0.0149195
AL1G37010.t1.v2.1	294	UKScandinavia_2n	.	265	pi_pixy	0.0195777
AL1G37010.t1.v2.1	294	PUWS_4n	.	264	pi_pixy	0.0180353
AL1G37010.t1.v2.1	294	CESiberia_2n	.	264	pi_pixy	0.0143637
AL1G37010.t1.v2.1	294	LE_2n	.	265	pi_pixy	0.0250422
AL1G37010.t1.v2.1	294	PUWS_4n	CESiberia_2n	263	dxy_pixy	0.0226461
AL1G37010.t1.v2.1	294	UKScandinavia_2n	CESiberia_2n	264	dxy_pixy	0.0187897
AL1G37010.t1.v2.1	294	UKScandinavia_2n	PUWS_4n	264	dxy_pixy	0.0207135
AL1G37010.t1.v2.1	294	LE_2n	CESiberia_2n	263	dxy_pixy	0.0277899
AL1G37010.t1.v2.1	294	UKScandinavia_2n	LE_2n	264	dxy_pixy	0.0298911
AL1G37010.t1.v2.1	294	PUWS_4n	LE_2n	263	dxy_pixy	0.0291547
AL1G37140.t1.v2.1	291	UKScandinavia_2n	.	271	pi_pixy	0.0285363
AL1G37140.t1.v2.1	291	PUWS_4n	.	270	pi_pixy	0.0192315
AL1G37140.t1.v2.1	291	CESiberia_2n	.	271	pi_pixy	0.0117774
AL1G37140.t1.v2.1	291	LE_2n	.	270	pi_pixy	0.0256112
AL1G37140.t1.v2.1	291	PUWS_4n	CESiberia_2n	270	dxy_pixy	0.0159733
AL1G37140.t1.v2.1	291	UKScandinavia_2n	CESiberia_2n	271	dxy_pixy	0.0249077
AL1G37140.t1.v2.1	291	UKScandinavia_2n	PUWS_4n	270	dxy_pixy	0.0248142
AL1G37140.t1.v2.1	291	LE_2n	CESiberia_2n	270	dxy_pixy	0.0202154
AL1G37140.t1.v2.1	291	UKScandinavia_2n	LE_2n	270	dxy_pixy	0.0281352
AL1G37140.t1.v2.1	291	PUWS_4n	LE_2n	270	dxy_pixy	0.0230341
AL1G37290.t1.v2.1	134	UKScandinavia_2n	.	121	pi_pixy	0.00679522
AL1G37290.t1.v2.1	134	PUWS_4n	.	121	pi_pixy	0.0130307
AL1G37290.t1.v2.1	134	CESiberia_2n	.	121	pi_pixy	0.00103306
AL1G37290.t1.v2.1	134	LE_2n	.	121	pi_pixy	0.00970817
AL1G37290.t1.v2.1	134	PUWS_4n	CESiberia_2n	121	dxy_pixy	0.0080062
AL1G37290.t1.v2.1	134	UKScandinavia_2n	CESiberia_2n	121	dxy_pixy	0.0154959
AL1G37290.t1.v2.1	134	UKScandinavia_2n	PUWS_4n	121	dxy_pixy	0.0171783
AL1G37290.t1.v2.1	134	LE_2n	CESiberia_2n	121	dxy_pixy	0.00644142
AL1G37290.t1.v2.1	134	UKScandinavia_2n	LE_2n	121	dxy_pixy	0.0191055
AL1G37290.t1.v2.1	134	PUWS_4n	LE_2n	121	dxy_pixy	0.0130738
AL1G37170.t1.v2.1	240	UKScandinavia_2n	.	217	pi_pixy	0.0107527
AL1G37170.t1.v2.1	240	PUWS_4n	.	217	pi_pixy	0.00330383
AL1G37170.t1.v2.1	240	CESiberia_2n	.	217	pi_pixy	0
AL1G37170.t1.v2.1	240	LE_2n	.	217	pi_pixy	0.0015287
AL1G37170.t1.v2.1	240	PUWS_4n	CESiberia_2n	217	dxy_pixy	0.0018104
AL1G37170.t1.v2.1	240	UKScandinavia_2n	CESiberia_2n	217	dxy_pixy	0.00875576
AL1G37170.t1.v2.1	240	UKScandinavia_2n	PUWS_4n	217	dxy_pixy	0.0102699
AL1G37170.t1.v2.1	240	LE_2n	CESiberia_2n	217	dxy_pixy	0.000813449
AL1G37170.t1.v2.1	240	UKScandinavia_2n	LE_2n	217	dxy_pixy	0.00935466
AL1G37170.t1.v2.1	240	PUWS_4n	LE_2n	217	dxy_pixy	0.00242098
AL1G37050.t1.v2.1	237	UKScandinavia_2n	.	206	pi_pixy	0.0129464
AL1G37050.t1.v2.1	237	PUWS_4n	.	225	pi_pixy	0.0082976
AL1G37050.t1.v2.1	237	CESiberia_2n	.	225	pi_pixy	0.00577778
AL1G37050.t1.v2.1	237	LE_2n	.	224	pi_pixy	0.0104415
AL1G37050.t1.v2.1	237	PUWS_4n	CESiberia_2n	225	dxy_pixy	0.00651042
AL1G37050.t1.v2.1	237	UKScandinavia_2n	CESiberia_2n	206	dxy_pixy	0.0213068
AL1G37050.t1.v2.1	237	UKScandinavia_2n	PUWS_4n	206	dxy_pixy	0.0168578
AL1G37050.t1.v2.1	237	LE_2n	CESiberia_2n	224	dxy_pixy	0.00886553
AL1G37050.t1.v2.1	237	UKScandinavia_2n	LE_2n	205	dxy_pixy	0.0196119
AL1G37050.t1.v2.1	237	PUWS_4n	LE_2n	224	dxy_pixy	0.00819165
AL1G37230.t1.v2.1	197	UKScandinavia_2n	.	181	pi_pixy	0.00687538
AL1G37230.t1.v2.1	197	PUWS_4n	.	181	pi_pixy	0.0049256
AL1G37230.t1.v2.1	197	CESiberia_2n	.	181	pi_pixy	0.0106354
AL1G37230.t1.v2.1	197	LE_2n	.	181	pi_pixy	0.00429245
AL1G37230.t1.v2.1	197	PUWS_4n	CESiberia_2n	181	dxy_pixy	0.00873125
AL1G37230.t1.v2.1	197	UKScandinavia_2n	CESiberia_2n	181	dxy_pixy	0.0116713
AL1G37230.t1.v2.1	197	UKScandinavia_2n	PUWS_4n	181	dxy_pixy	0.00801105
AL1G37230.t1.v2.1	197	LE_2n	CESiberia_2n	181	dxy_pixy	0.010144
AL1G37230.t1.v2.1	197	UKScandinavia_2n	LE_2n	181	dxy_pixy	0.00693717
AL1G37230.t1.v2.1	197	PUWS_4n	LE_2n	181	dxy_pixy	0.00716389
AL1G36400.t1.v2.1	857	UKScandinavia_2n	.	791	pi_pixy	0.00606827
AL1G36400.t1.v2.1	857	PUWS_4n	.	791	pi_pixy	0.0048813
AL1G36400.t1.v2.1	857	CESiberia_2n	.	791	pi_pixy	0.00346608
AL1G36400.t1.v2.1	857	LE_2n	.	791	pi_pixy	0.0037521
AL1G36400.t1.v2.1	857	PUWS_4n	CESiberia_2n	791	dxy_pixy	0.00483201
AL1G36400.t1.v2.1	857	UKScandinavia_2n	CESiberia_2n	791	dxy_pixy	0.0128477
AL1G36400.t1.v2.1	857	UKScandinavia_2n	PUWS_4n	791	dxy_pixy	0.0118678
AL1G36400.t1.v2.1	857	LE_2n	CESiberia_2n	791	dxy_pixy	0.00534506
AL1G36400.t1.v2.1	857	UKScandinavia_2n	LE_2n	791	dxy_pixy	0.0117647
AL1G36400.t1.v2.1	857	PUWS_4n	LE_2n	791	dxy_pixy	0.00559705
AL1G37190.t1.v2.1	461	UKScandinavia_2n	.	423	pi_pixy	0.0165485
AL1G37190.t1.v2.1	461	PUWS_4n	.	423	pi_pixy	0.0198882
AL1G37190.t1.v2.1	461	CESiberia_2n	.	423	pi_pixy	0.0128645
AL1G37190.t1.v2.1	461	LE_2n	.	423	pi_pixy	0.0118596
AL1G37190.t1.v2.1	461	PUWS_4n	CESiberia_2n	423	dxy_pixy	0.0193241
AL1G37190.t1.v2.1	461	UKScandinavia_2n	CESiberia_2n	423	dxy_pixy	0.0211879
AL1G37190.t1.v2.1	461	UKScandinavia_2n	PUWS_4n	423	dxy_pixy	0.020618
AL1G37190.t1.v2.1	461	LE_2n	CESiberia_2n	423	dxy_pixy	0.013799
AL1G37190.t1.v2.1	461	UKScandinavia_2n	LE_2n	423	dxy_pixy	0.0186422
AL1G37190.t1.v2.1	461	PUWS_4n	LE_2n	423	dxy_pixy	0.0172858
AL1G37210.t1.v2.1	182	UKScandinavia_2n	.	169	pi_pixy	0
AL1G37210.t1.v2.1	182	PUWS_4n	.	170	pi_pixy	0.00248988
AL1G37210.t1.v2.1	182	CESiberia_2n	.	170	pi_pixy	0.000735294
AL1G37210.t1.v2.1	182	LE_2n	.	170	pi_pixy	0.00299885
AL1G37210.t1.v2.1	182	PUWS_4n	CESiberia_2n	170	dxy_pixy	0.00162815
AL1G37210.t1.v2.1	182	UKScandinavia_2n	CESiberia_2n	169	dxy_pixy	0.000369822
AL1G37210.t1.v2.1	182	UKScandinavia_2n	PUWS_4n	169	dxy_pixy	0.00126796
AL1G37210.t1.v2.1	182	LE_2n	CESiberia_2n	170	dxy_pixy	0.00244377
AL1G37210.t1.v2.1	182	UKScandinavia_2n	LE_2n	169	dxy_pixy	0.00208841
AL1G37210.t1.v2.1	182	PUWS_4n	LE_2n	170	dxy_pixy	0.00326866
AL1G36850.t1.v2.1	702	UKScandinavia_2n	.	642	pi_pixy	0.00806507
AL1G36850.t1.v2.1	702	PUWS_4n	.	642	pi_pixy	0.022209
AL1G36850.t1.v2.1	702	CESiberia_2n	.	641	pi_pixy	0.0125195
AL1G36850.t1.v2.1	702	LE_2n	.	642	pi_pixy	0.0152848
AL1G36850.t1.v2.1	702	PUWS_4n	CESiberia_2n	641	dxy_pixy	0.0181461
AL1G36850.t1.v2.1	702	UKScandinavia_2n	CESiberia_2n	641	dxy_pixy	0.0311817
AL1G36850.t1.v2.1	702	UKScandinavia_2n	PUWS_4n	642	dxy_pixy	0.0274621
AL1G36850.t1.v2.1	702	LE_2n	CESiberia_2n	641	dxy_pixy	0.0148463
AL1G36850.t1.v2.1	702	UKScandinavia_2n	LE_2n	642	dxy_pixy	0.026338
AL1G36850.t1.v2.1	702	PUWS_4n	LE_2n	642	dxy_pixy	0.0194738
AL1G37340.t1.v2.1	166	UKScandinavia_2n	.	149	pi_pixy	0.0247822
AL1G37340.t1.v2.1	166	PUWS_4n	.	147	pi_pixy	0.0102109
AL1G37340.t1.v2.1	166	CESiberia_2n	.	149	pi_pixy	0.0123008
AL1G37340.t1.v2.1	166	LE_2n	.	149	pi_pixy	0.0103875
AL1G37340.t1.v2.1	166	PUWS_4n	CESiberia_2n	147	dxy_pixy	0.0118957
AL1G37340.t1.v2.1	166	UKScandinavia_2n	CESiberia_2n	149	dxy_pixy	0.0361456
AL1G37340.t1.v2.1	166	UKScandinavia_2n	PUWS_4n	147	dxy_pixy	0.0316468
AL1G37340.t1.v2.1	166	LE_2n	CESiberia_2n	149	dxy_pixy	0.0109823
AL1G37340.t1.v2.1	166	UKScandinavia_2n	LE_2n	149	dxy_pixy	0.0365531
AL1G37340.t1.v2.1	166	PUWS_4n	LE_2n	147	dxy_pixy	0.0107514
AL1G37400.t1.v2.1	139	UKScandinavia_2n	.	125	pi_pixy	0.00953066
AL1G37400.t1.v2.1	139	PUWS_4n	.	125	pi_pixy	0.0163296
AL1G37400.t1.v2.1	139	CESiberia_2n	.	125	pi_pixy	0.00523209
AL1G37400.t1.v2.1	139	LE_2n	.	125	pi_pixy	0.010891
AL1G37400.t1.v2.1	139	PUWS_4n	CESiberia_2n	125	dxy_pixy	0.0146628
AL1G37400.t1.v2.1	139	UKScandinavia_2n	CESiberia_2n	125	dxy_pixy	0.0122074
AL1G37400.t1.v2.1	139	UKScandinavia_2n	PUWS_4n	125	dxy_pixy	0.016784
AL1G37400.t1.v2.1	139	LE_2n	CESiberia_2n	125	dxy_pixy	0.0084317
AL1G37400.t1.v2.1	139	UKScandinavia_2n	LE_2n	125	dxy_pixy	0.0122551
AL1G37400.t1.v2.1	139	PUWS_4n	LE_2n	125	dxy_pixy	0.0161228
AL1G37260.t1.v2.1	156	UKScandinavia_2n	.	143	pi_pixy	0.00528361
AL1G37260.t1.v2.1	156	PUWS_4n	.	143	pi_pixy	0.00889851
AL1G37260.t1.v2.1	156	CESiberia_2n	.	143	pi_pixy	0.00337995
AL1G37260.t1.v2.1	156	LE_2n	.	143	pi_pixy	0.00395149
AL1G37260.t1.v2.1	156	PUWS_4n	CESiberia_2n	143	dxy_pixy	0.00789835
AL1G37260.t1.v2.1	156	UKScandinavia_2n	CESiberia_2n	143	dxy_pixy	0.0132867
AL1G37260.t1.v2.1	156	UKScandinavia_2n	PUWS_4n	143	dxy_pixy	0.0108392
AL1G37260.t1.v2.1	156	LE_2n	CESiberia_2n	143	dxy_pixy	0.00359934
AL1G37260.t1.v2.1	156	UKScandinavia_2n	LE_2n	143	dxy_pixy	0.0127108
AL1G37260.t1.v2.1	156	PUWS_4n	LE_2n	143	dxy_pixy	0.00821238
AL1G37410.t1.v2.1	134	UKScandinavia_2n	.	114	pi_pixy	0.011306
AL1G37410.t1.v2.1	134	PUWS_4n	.	114	pi_pixy	0.0106109
AL1G37410.t1.v2.1	134	CESiberia_2n	.	114	pi_pixy	0.0120614
AL1G37410.t1.v2.1	134	LE_2n	.	114	pi_pixy	0.0101162
AL1G37410.t1.v2.1	134	PUWS_4n	CESiberia_2n	114	dxy_pixy	0.0125983
AL1G37410.t1.v2.1	134	UKScandinavia_2n	CESiberia_2n	114	dxy_pixy	0.0121711
AL1G37410.t1.v2.1	134	UKScandinavia_2n	PUWS_4n	114	dxy_pixy	0.0131447
AL1G37410.t1.v2.1	134	LE_2n	CESiberia_2n	114	dxy_pixy	0.0114987
AL1G37410.t1.v2.1	134	UKScandinavia_2n	LE_2n	114	dxy_pixy	0.0120413
AL1G37410.t1.v2.1	134	PUWS_4n	LE_2n	114	dxy_pixy	0.0108104
AL1G37160.t1.v2.1	209	UKScandinavia_2n	.	182	pi_pixy	0.0174603
AL1G37160.t1.v2.1	209	PUWS_4n	.	181	pi_pixy	0.0195855
AL1G37160.t1.v2.1	209	CESiberia_2n	.	182	pi_pixy	0.0230311
AL1G37160.t1.v2.1	209	LE_2n	.	182	pi_pixy	0.0234373
AL1G37160.t1.v2.1	209	PUWS_4n	CESiberia_2n	181	dxy_pixy	0.0218701
AL1G37160.t1.v2.1	209	UKScandinavia_2n	CESiberia_2n	182	dxy_pixy	0.0286401
AL1G37160.t1.v2.1	209	UKScandinavia_2n	PUWS_4n	181	dxy_pixy	0.0261453
AL1G37160.t1.v2.1	209	LE_2n	CESiberia_2n	182	dxy_pixy	0.0252505
AL1G37160.t1.v2.1	209	UKScandinavia_2n	LE_2n	182	dxy_pixy	0.0271816
AL1G37160.t1.v2.1	209	PUWS_4n	LE_2n	181	dxy_pixy	0.0219775
AL1G37350.t1.v2.1	153	UKScandinavia_2n	.	140	pi_pixy	0.0115218
AL1G37350.t1.v2.1	153	PUWS_4n	.	140	pi_pixy	0.0131708
AL1G37350.t1.v2.1	153	CESiberia_2n	.	140	pi_pixy	0.0116071
AL1G37350.t1.v2.1	153	LE_2n	.	140	pi_pixy	0.0110262
AL1G37350.t1.v2.1	153	PUWS_4n	CESiberia_2n	140	dxy_pixy	0.0155931
AL1G37350.t1.v2.1	153	UKScandinavia_2n	CESiberia_2n	140	dxy_pixy	0.0175753
AL1G37350.t1.v2.1	153	UKScandinavia_2n	PUWS_4n	140	dxy_pixy	0.0167555
AL1G37350.t1.v2.1	153	LE_2n	CESiberia_2n	140	dxy_pixy	0.0146534
AL1G37350.t1.v2.1	153	UKScandinavia_2n	LE_2n	140	dxy_pixy	0.0183138
AL1G37350.t1.v2.1	153	PUWS_4n	LE_2n	140	dxy_pixy	0.0156363
AL1G36320.t1.v2.1	1161	UKScandinavia_2n	.	1076	pi_pixy	0.000557621
AL1G36320.t1.v2.1	1161	PUWS_4n	.	1076	pi_pixy	0.00480419
AL1G36320.t1.v2.1	1161	CESiberia_2n	.	1076	pi_pixy	0.000890644
AL1G36320.t1.v2.1	1161	LE_2n	.	1076	pi_pixy	0.00225467
AL1G36320.t1.v2.1	1161	PUWS_4n	CESiberia_2n	1076	dxy_pixy	0.00306608
AL1G36320.t1.v2.1	1161	UKScandinavia_2n	CESiberia_2n	1076	dxy_pixy	0.00468169
AL1G36320.t1.v2.1	1161	UKScandinavia_2n	PUWS_4n	1076	dxy_pixy	0.0062666
AL1G36320.t1.v2.1	1161	LE_2n	CESiberia_2n	1076	dxy_pixy	0.00187582
AL1G36320.t1.v2.1	1161	UKScandinavia_2n	LE_2n	1076	dxy_pixy	0.00575115
AL1G36320.t1.v2.1	1161	PUWS_4n	LE_2n	1076	dxy_pixy	0.003819
AL1G37370.t1.v2.1	100	UKScandinavia_2n	.	91	pi_pixy	0.0124805
AL1G37370.t1.v2.1	100	PUWS_4n	.	91	pi_pixy	0.00802372
AL1G37370.t1.v2.1	100	CESiberia_2n	.	91	pi_pixy	0.00613553
AL1G37370.t1.v2.1	100	LE_2n	.	91	pi_pixy	0.00360424
AL1G37370.t1.v2.1	100	PUWS_4n	CESiberia_2n	91	dxy_pixy	0.00780024
AL1G37370.t1.v2.1	100	UKScandinavia_2n	CESiberia_2n	91	dxy_pixy	0.015067
AL1G37370.t1.v2.1	100	UKScandinavia_2n	PUWS_4n	91	dxy_pixy	0.0120111
AL1G37370.t1.v2.1	100	LE_2n	CESiberia_2n	91	dxy_pixy	0.00488849
AL1G37370.t1.v2.1	100	UKScandinavia_2n	LE_2n	91	dxy_pixy	0.0147059
AL1G37370.t1.v2.1	100	PUWS_4n	LE_2n	91	dxy_pixy	0.00701819
AL5G20950.t1.v2.1	4	UKScandinavia_2n	.	4	pi_pixy	0
AL5G20950.t1.v2.1	4	PUWS_4n	.	4	pi_pixy	0
AL5G20950.t1.v2.1	4	CESiberia_2n	.	4	pi_pixy	0.056872
AL5G20950.t1.v2.1	4	LE_2n	.	4	pi_pixy	0.0512232
AL5G20950.t1.v2.1	4	PUWS_4n	CESiberia_2n	4	dxy_pixy	0.0333333
AL5G20950.t1.v2.1	4	UKScandinavia_2n	CESiberia_2n	4	dxy_pixy	0.0333333
AL5G20950.t1.v2.1	4	UKScandinavia_2n	PUWS_4n	4	dxy_pixy	0
AL5G20950.t1.v2.1	4	LE_2n	CESiberia_2n	4	dxy_pixy	0.0548469
AL5G20950.t1.v2.1	4	UKScandinavia_2n	LE_2n	4	dxy_pixy	0.0288462
AL5G20950.t1.v2.1	4	PUWS_4n	LE_2n	4	dxy_pixy	0.0288462
AL1G37380.t1.v2.1	104	UKScandinavia_2n	.	96	pi_pixy	0
AL1G37380.t1.v2.1	104	PUWS_4n	.	96	pi_pixy	0.00666887
AL1G37380.t1.v2.1	104	CESiberia_2n	.	96	pi_pixy	0.00607639
AL1G37380.t1.v2.1	104	LE_2n	.	96	pi_pixy	0.00514335
AL1G37380.t1.v2.1	104	PUWS_4n	CESiberia_2n	96	dxy_pixy	0.00739397
AL1G37380.t1.v2.1	104	UKScandinavia_2n	CESiberia_2n	96	dxy_pixy	0.0078125
AL1G37380.t1.v2.1	104	UKScandinavia_2n	PUWS_4n	96	dxy_pixy	0.0141369
AL1G37380.t1.v2.1	104	LE_2n	CESiberia_2n	96	dxy_pixy	0.00570619
AL1G37380.t1.v2.1	104	UKScandinavia_2n	LE_2n	96	dxy_pixy	0.0101103
AL1G37380.t1.v2.1	104	PUWS_4n	LE_2n	96	dxy_pixy	0.00647759
AL1G36860.t1.v2.1	557	UKScandinavia_2n	.	517	pi_pixy	0.0156028
AL1G36860.t1.v2.1	557	PUWS_4n	.	516	pi_pixy	0.011269
AL1G36860.t1.v2.1	557	CESiberia_2n	.	517	pi_pixy	0.00591554
AL1G36860.t1.v2.1	557	LE_2n	.	517	pi_pixy	0.00206181
AL1G36860.t1.v2.1	557	PUWS_4n	CESiberia_2n	516	dxy_pixy	0.00926599
AL1G36860.t1.v2.1	557	UKScandinavia_2n	CESiberia_2n	517	dxy_pixy	0.0142287
AL1G36860.t1.v2.1	557	UKScandinavia_2n	PUWS_4n	516	dxy_pixy	0.0127907
AL1G36860.t1.v2.1	557	LE_2n	CESiberia_2n	517	dxy_pixy	0.00530848
AL1G36860.t1.v2.1	557	UKScandinavia_2n	LE_2n	517	dxy_pixy	0.0122596
AL1G36860.t1.v2.1	557	PUWS_4n	LE_2n	516	dxy_pixy	0.00750358
AL1G37310.t1.v2.1	214	UKScandinavia_2n	.	189	pi_pixy	0.00681952
AL1G37310.t1.v2.1	214	PUWS_4n	.	189	pi_pixy	0.0169788
AL1G37310.t1.v2.1	214	CESiberia_2n	.	188	pi_pixy	0.0192376
AL1G37310.t1.v2.1	214	LE_2n	.	188	pi_pixy	0.0155497
AL1G37310.t1.v2.1	214	PUWS_4n	CESiberia_2n	188	dxy_pixy	0.0175009
AL1G37310.t1.v2.1	214	UKScandinavia_2n	CESiberia_2n	188	dxy_pixy	0.0159574
AL1G37310.t1.v2.1	214	UKScandinavia_2n	PUWS_4n	189	dxy_pixy	0.0145125
AL1G37310.t1.v2.1	214	LE_2n	CESiberia_2n	188	dxy_pixy	0.0186464
AL1G37310.t1.v2.1	214	UKScandinavia_2n	LE_2n	188	dxy_pixy	0.0144556
AL1G37310.t1.v2.1	214	PUWS_4n	LE_2n	188	dxy_pixy	0.0168961
AL1G37270.t1.v2.1	131	UKScandinavia_2n	.	116	pi_pixy	0.00462784
AL1G37270.t1.v2.1	131	PUWS_4n	.	117	pi_pixy	0.00522616
AL1G37270.t1.v2.1	131	CESiberia_2n	.	117	pi_pixy	0.00769231
AL1G37270.t1.v2.1	131	LE_2n	.	117	pi_pixy	0.00445229
AL1G37270.t1.v2.1	131	PUWS_4n	CESiberia_2n	117	dxy_pixy	0.00705521
AL1G37270.t1.v2.1	131	UKScandinavia_2n	CESiberia_2n	116	dxy_pixy	0.0348183
AL1G37270.t1.v2.1	131	UKScandinavia_2n	PUWS_4n	116	dxy_pixy	0.0289369
AL1G37270.t1.v2.1	131	LE_2n	CESiberia_2n	117	dxy_pixy	0.00620545
AL1G37270.t1.v2.1	131	UKScandinavia_2n	LE_2n	116	dxy_pixy	0.0303514
AL1G37270.t1.v2.1	131	PUWS_4n	LE_2n	117	dxy_pixy	0.00487796
AL1G37100.t1.v2.1	402	UKScandinavia_2n	.	370	pi_pixy	0.00726727
AL1G37100.t1.v2.1	402	PUWS_4n	.	370	pi_pixy	0.012727
AL1G37100.t1.v2.1	402	CESiberia_2n	.	370	pi_pixy	0.00423423
AL1G37100.t1.v2.1	402	LE_2n	.	370	pi_pixy	0.00905719
AL1G37100.t1.v2.1	402	PUWS_4n	CESiberia_2n	370	dxy_pixy	0.00897683
AL1G37100.t1.v2.1	402	UKScandinavia_2n	CESiberia_2n	370	dxy_pixy	0.0424324
AL1G37100.t1.v2.1	402	UKScandinavia_2n	PUWS_4n	370	dxy_pixy	0.0428378
AL1G37100.t1.v2.1	402	LE_2n	CESiberia_2n	370	dxy_pixy	0.00760135
AL1G37100.t1.v2.1	402	UKScandinavia_2n	LE_2n	370	dxy_pixy	0.0434181
AL1G37100.t1.v2.1	402	PUWS_4n	LE_2n	370	dxy_pixy	0.0121281
AL1G37420.t1.v2.1	151	UKScandinavia_2n	.	132	pi_pixy	0.00480855
AL1G37420.t1.v2.1	151	PUWS_4n	.	132	pi_pixy	0.00837743
AL1G37420.t1.v2.1	151	CESiberia_2n	.	132	pi_pixy	0.00492424
AL1G37420.t1.v2.1	151	LE_2n	.	132	pi_pixy	0.000864258
AL1G37420.t1.v2.1	151	PUWS_4n	CESiberia_2n	132	dxy_pixy	0.00710227
AL1G37420.t1.v2.1	151	UKScandinavia_2n	CESiberia_2n	132	dxy_pixy	0.00723787
AL1G37420.t1.v2.1	151	UKScandinavia_2n	PUWS_4n	132	dxy_pixy	0.00726582
AL1G37420.t1.v2.1	151	LE_2n	CESiberia_2n	132	dxy_pixy	0.00518048
AL1G37420.t1.v2.1	151	UKScandinavia_2n	LE_2n	132	dxy_pixy	0.00262358
AL1G37420.t1.v2.1	151	PUWS_4n	LE_2n	132	dxy_pixy	0.0056659
AL2G11890.t1.v2.1	73	UKScandinavia_2n	.	67	pi_pixy	0
AL2G11890.t1.v2.1	73	PUWS_4n	.	67	pi_pixy	0.0163805
AL2G11890.t1.v2.1	73	CESiberia_2n	.	67	pi_pixy	0.0431464
AL2G11890.t1.v2.1	73	LE_2n	.	67	pi_pixy	0.0304577
AL2G11890.t1.v2.1	73	PUWS_4n	CESiberia_2n	67	dxy_pixy	0.030937
AL2G11890.t1.v2.1	73	UKScandinavia_2n	CESiberia_2n	67	dxy_pixy	0.0272628
AL2G11890.t1.v2.1	73	UKScandinavia_2n	PUWS_4n	67	dxy_pixy	0.00935009
AL2G11890.t1.v2.1	73	LE_2n	CESiberia_2n	67	dxy_pixy	0.0373529
AL2G11890.t1.v2.1	73	UKScandinavia_2n	LE_2n	67	dxy_pixy	0.0274049
AL2G11890.t1.v2.1	73	PUWS_4n	LE_2n	67	dxy_pixy	0.0275253
AL3G44270.t1.v2.1	156	PUWS_4n	.	98	pi_pixy	0
AL3G44270.t1.v2.1	156	CESiberia_2n	.	100	pi_pixy	0.00446296
AL3G44270.t1.v2.1	156	LE_2n	.	76	pi_pixy	0
AL3G44270.t1.v2.1	156	PUWS_4n	CESiberia_2n	83	dxy_pixy	0.00973574
AL3G44270.t1.v2.1	156	LE_2n	CESiberia_2n	76	dxy_pixy	0.00463599
AL3G44270.t1.v2.1	156	PUWS_4n	LE_2n	60	dxy_pixy	0
AL1G36650.t1.v2.1	583	UKScandinavia_2n	.	536	pi_pixy	0.0102819
AL1G36650.t1.v2.1	583	PUWS_4n	.	536	pi_pixy	0.00571669
AL1G36650.t1.v2.1	583	CESiberia_2n	.	536	pi_pixy	0.00264303
AL1G36650.t1.v2.1	583	LE_2n	.	536	pi_pixy	0.00431998
AL1G36650.t1.v2.1	583	PUWS_4n	CESiberia_2n	536	dxy_pixy	0.00494256
AL1G36650.t1.v2.1	583	UKScandinavia_2n	CESiberia_2n	536	dxy_pixy	0.0108209
AL1G36650.t1.v2.1	583	UKScandinavia_2n	PUWS_4n	536	dxy_pixy	0.0114347
AL1G36650.t1.v2.1	583	LE_2n	CESiberia_2n	536	dxy_pixy	0.00384109
AL1G36650.t1.v2.1	583	UKScandinavia_2n	LE_2n	536	dxy_pixy	0.0108099
AL1G36650.t1.v2.1	583	PUWS_4n	LE_2n	536	dxy_pixy	0.0052333
AL1G37110.t1.v2.1	319	UKScandinavia_2n	.	291	pi_pixy	0.00313097
AL1G37110.t1.v2.1	319	PUWS_4n	.	291	pi_pixy	0.00324551
AL1G37110.t1.v2.1	319	CESiberia_2n	.	291	pi_pixy	0.0040378
AL1G37110.t1.v2.1	319	LE_2n	.	291	pi_pixy	0.00232158
AL1G37110.t1.v2.1	319	PUWS_4n	CESiberia_2n	291	dxy_pixy	0.00355916
AL1G37110.t1.v2.1	319	UKScandinavia_2n	CESiberia_2n	291	dxy_pixy	0.0203608
AL1G37110.t1.v2.1	319	UKScandinavia_2n	PUWS_4n	291	dxy_pixy	0.0201767
AL1G37110.t1.v2.1	319	LE_2n	CESiberia_2n	291	dxy_pixy	0.00325955
AL1G37110.t1.v2.1	319	UKScandinavia_2n	LE_2n	291	dxy_pixy	0.0213463
AL1G37110.t1.v2.1	319	PUWS_4n	LE_2n	291	dxy_pixy	0.00316209
AL1G37320.t1.v2.1	225	UKScandinavia_2n	.	211	pi_pixy	0.0132701
AL1G37320.t1.v2.1	225	PUWS_4n	.	211	pi_pixy	0.025941
AL1G37320.t1.v2.1	225	CESiberia_2n	.	211	pi_pixy	0.0099921
AL1G37320.t1.v2.1	225	LE_2n	.	211	pi_pixy	0.0251835
AL1G37320.t1.v2.1	225	PUWS_4n	CESiberia_2n	211	dxy_pixy	0.0256644
AL1G37320.t1.v2.1	225	UKScandinavia_2n	CESiberia_2n	211	dxy_pixy	0.0340047
AL1G37320.t1.v2.1	225	UKScandinavia_2n	PUWS_4n	211	dxy_pixy	0.0288422
AL1G37320.t1.v2.1	225	LE_2n	CESiberia_2n	211	dxy_pixy	0.0217975
AL1G37320.t1.v2.1	225	UKScandinavia_2n	LE_2n	211	dxy_pixy	0.0353778
AL1G37320.t1.v2.1	225	PUWS_4n	LE_2n	211	dxy_pixy	0.0271715
AL1G37300.t1.v2.1	554	UKScandinavia_2n	.	511	pi_pixy	0.00356599
AL1G37300.t1.v2.1	554	PUWS_4n	.	511	pi_pixy	0.00335994
AL1G37300.t1.v2.1	554	CESiberia_2n	.	511	pi_pixy	0.00241357
AL1G37300.t1.v2.1	554	LE_2n	.	511	pi_pixy	0.0043558
AL1G37300.t1.v2.1	554	PUWS_4n	CESiberia_2n	511	dxy_pixy	0.00283058
AL1G37300.t1.v2.1	554	UKScandinavia_2n	CESiberia_2n	511	dxy_pixy	0.00552838
AL1G37300.t1.v2.1	554	UKScandinavia_2n	PUWS_4n	511	dxy_pixy	0.0060246
AL1G37300.t1.v2.1	554	LE_2n	CESiberia_2n	511	dxy_pixy	0.00345861
AL1G37300.t1.v2.1	554	UKScandinavia_2n	LE_2n	511	dxy_pixy	0.00666359
AL1G37300.t1.v2.1	554	PUWS_4n	LE_2n	511	dxy_pixy	0.00390329
AL7G35910.t1.v2.1	45	UKScandinavia_2n	.	44	pi_pixy	0.00974026
AL7G35910.t1.v2.1	45	PUWS_4n	.	44	pi_pixy	0.0127465
AL7G35910.t1.v2.1	45	CESiberia_2n	.	44	pi_pixy	0.00948617
AL7G35910.t1.v2.1	45	LE_2n	.	43	pi_pixy	0
AL7G35910.t1.v2.1	45	PUWS_4n	CESiberia_2n	44	dxy_pixy	0.0141196
AL7G35910.t1.v2.1	45	UKScandinavia_2n	CESiberia_2n	44	dxy_pixy	0.0116279
AL7G35910.t1.v2.1	45	UKScandinavia_2n	PUWS_4n	44	dxy_pixy	0.0137987
AL7G35910.t1.v2.1	45	LE_2n	CESiberia_2n	43	dxy_pixy	0
AL7G35910.t1.v2.1	45	UKScandinavia_2n	LE_2n	43	dxy_pixy	0.00585399
AL7G35910.t1.v2.1	45	PUWS_4n	LE_2n	43	dxy_pixy	0.00836285
AL1G37430.t1.v2.1	163	UKScandinavia_2n	.	147	pi_pixy	0.00362812
AL1G37430.t1.v2.1	163	PUWS_4n	.	146	pi_pixy	0.00476553
AL1G37430.t1.v2.1	163	CESiberia_2n	.	147	pi_pixy	0.0124717
AL1G37430.t1.v2.1	163	LE_2n	.	147	pi_pixy	0
AL1G37430.t1.v2.1	163	PUWS_4n	CESiberia_2n	146	dxy_pixy	0.00843933
AL1G37430.t1.v2.1	163	UKScandinavia_2n	CESiberia_2n	147	dxy_pixy	0.0110544
AL1G37430.t1.v2.1	163	UKScandinavia_2n	PUWS_4n	146	dxy_pixy	0.00503914
AL1G37430.t1.v2.1	163	LE_2n	CESiberia_2n	147	dxy_pixy	0.0110988
AL1G37430.t1.v2.1	163	UKScandinavia_2n	LE_2n	147	dxy_pixy	0.00409803
AL1G37430.t1.v2.1	163	PUWS_4n	LE_2n	146	dxy_pixy	0.00270169
AL1G37250.t1.v2.1	420	UKScandinavia_2n	.	381	pi_pixy	0.00839895
AL1G37250.t1.v2.1	420	PUWS_4n	.	381	pi_pixy	0.00647799
AL1G37250.t1.v2.1	420	CESiberia_2n	.	380	pi_pixy	0.00799771
AL1G37250.t1.v2.1	420	LE_2n	.	381	pi_pixy	0.00769625
AL1G37250.t1.v2.1	420	PUWS_4n	CESiberia_2n	380	dxy_pixy	0.00753929
AL1G37250.t1.v2.1	420	UKScandinavia_2n	CESiberia_2n	380	dxy_pixy	0.0107014
AL1G37250.t1.v2.1	420	UKScandinavia_2n	PUWS_4n	381	dxy_pixy	0.0102144
AL1G37250.t1.v2.1	420	LE_2n	CESiberia_2n	380	dxy_pixy	0.0099206
AL1G37250.t1.v2.1	420	UKScandinavia_2n	LE_2n	381	dxy_pixy	0.0124207
AL1G37250.t1.v2.1	420	PUWS_4n	LE_2n	381	dxy_pixy	0.00853874
AL1G37440.t1.v2.1	140	UKScandinavia_2n	.	125	pi_pixy	0.00942222
AL1G37440.t1.v2.1	140	PUWS_4n	.	125	pi_pixy	0.00224339
AL1G37440.t1.v2.1	140	CESiberia_2n	.	125	pi_pixy	0.00526667
AL1G37440.t1.v2.1	140	LE_2n	.	125	pi_pixy	0.00673084
AL1G37440.t1.v2.1	140	PUWS_4n	CESiberia_2n	125	dxy_pixy	0.00564286
AL1G37440.t1.v2.1	140	UKScandinavia_2n	CESiberia_2n	125	dxy_pixy	0.0101
AL1G37440.t1.v2.1	140	UKScandinavia_2n	PUWS_4n	125	dxy_pixy	0.00674286
AL1G37440.t1.v2.1	140	LE_2n	CESiberia_2n	125	dxy_pixy	0.00591176
AL1G37440.t1.v2.1	140	UKScandinavia_2n	LE_2n	125	dxy_pixy	0.0112471
AL1G37440.t1.v2.1	140	PUWS_4n	LE_2n	125	dxy_pixy	0.00678992
AL1G37330.t1.v2.1	170	UKScandinavia_2n	.	154	pi_pixy	0.00851371
AL1G37330.t1.v2.1	170	PUWS_4n	.	154	pi_pixy	0.0148938
AL1G37330.t1.v2.1	170	CESiberia_2n	.	154	pi_pixy	0.0153139
AL1G37330.t1.v2.1	170	LE_2n	.	154	pi_pixy	0.0212537
AL1G37330.t1.v2.1	170	PUWS_4n	CESiberia_2n	154	dxy_pixy	0.0275684
AL1G37330.t1.v2.1	170	UKScandinavia_2n	CESiberia_2n	154	dxy_pixy	0.0228896
AL1G37330.t1.v2.1	170	UKScandinavia_2n	PUWS_4n	154	dxy_pixy	0.0278293
AL1G37330.t1.v2.1	170	LE_2n	CESiberia_2n	154	dxy_pixy	0.0192271
AL1G37330.t1.v2.1	170	UKScandinavia_2n	LE_2n	154	dxy_pixy	0.0222862
AL1G37330.t1.v2.1	170	PUWS_4n	LE_2n	154	dxy_pixy	0.0256863
AL1G37180.t1.v2.1	211	UKScandinavia_2n	.	190	pi_pixy	0.0177778
AL1G37180.t1.v2.1	211	PUWS_4n	.	190	pi_pixy	0.0143927
AL1G37180.t1.v2.1	211	CESiberia_2n	.	190	pi_pixy	0.0128947
AL1G37180.t1.v2.1	211	LE_2n	.	190	pi_pixy	0.0147157
AL1G37180.t1.v2.1	211	PUWS_4n	CESiberia_2n	190	dxy_pixy	0.0158617
AL1G37180.t1.v2.1	211	UKScandinavia_2n	CESiberia_2n	190	dxy_pixy	0.0254934
AL1G37180.t1.v2.1	211	UKScandinavia_2n	PUWS_4n	190	dxy_pixy	0.0247538
AL1G37180.t1.v2.1	211	LE_2n	CESiberia_2n	190	dxy_pixy	0.0168426
AL1G37180.t1.v2.1	211	UKScandinavia_2n	LE_2n	190	dxy_pixy	0.0259236
AL1G37180.t1.v2.1	211	PUWS_4n	LE_2n	190	dxy_pixy	0.0182368
AL1G37450.t1.v2.1	268	UKScandinavia_2n	.	245	pi_pixy	0.00417234
AL1G37450.t1.v2.1	268	PUWS_4n	.	246	pi_pixy	0.0106143
AL1G37450.t1.v2.1	268	CESiberia_2n	.	246	pi_pixy	0.00704607
AL1G37450.t1.v2.1	268	LE_2n	.	246	pi_pixy	0.00608669
AL1G37450.t1.v2.1	268	PUWS_4n	CESiberia_2n	246	dxy_pixy	0.0125399
AL1G37450.t1.v2.1	268	UKScandinavia_2n	CESiberia_2n	245	dxy_pixy	0.0135714
AL1G37450.t1.v2.1	268	UKScandinavia_2n	PUWS_4n	245	dxy_pixy	0.0122449
AL1G37450.t1.v2.1	268	LE_2n	CESiberia_2n	246	dxy_pixy	0.00962458
AL1G37450.t1.v2.1	268	UKScandinavia_2n	LE_2n	245	dxy_pixy	0.0102041
AL1G37450.t1.v2.1	268	PUWS_4n	LE_2n	246	dxy_pixy	0.0119645
AL1G37020.t1.v2.1	1387	UKScandinavia_2n	.	1254	pi_pixy	0.000478469
AL1G37020.t1.v2.1	1387	PUWS_4n	.	1254	pi_pixy	0.00399568
AL1G37020.t1.v2.1	1387	CESiberia_2n	.	1254	pi_pixy	0.00120946
AL1G37020.t1.v2.1	1387	LE_2n	.	1254	pi_pixy	0.00322166
AL1G37020.t1.v2.1	1387	PUWS_4n	CESiberia_2n	1254	dxy_pixy	0.00301535
AL1G37020.t1.v2.1	1387	UKScandinavia_2n	CESiberia_2n	1254	dxy_pixy	0.00183413
AL1G37020.t1.v2.1	1387	UKScandinavia_2n	PUWS_4n	1254	dxy_pixy	0.00313853
AL1G37020.t1.v2.1	1387	LE_2n	CESiberia_2n	1254	dxy_pixy	0.00344518
AL1G37020.t1.v2.1	1387	UKScandinavia_2n	LE_2n	1254	dxy_pixy	0.00375774
AL1G37020.t1.v2.1	1387	PUWS_4n	LE_2n	1254	dxy_pixy	0.00438386
