y_num_ID=AL5G20950.v2.1_0	116	UKScandinavia_2n	.	85	pi_w	0.00630252
y_num_ID=AL5G20950.v2.1_0	116	PUWS_4n	.	103	pi_w	0.00341604
y_num_ID=AL5G20950.v2.1_0	116	CESiberia_2n	.	102	pi_w	0.0103426
y_num_ID=AL5G20950.v2.1_0	116	LE_2n	.	103	pi_w	0.0123319
y_num_ID=AL5G20950.v2.1_0	116	PUWS_4n	CESiberia_2n	102	dxy_w	0.00665266
y_num_ID=AL5G20950.v2.1_0	116	UKScandinavia_2n	CESiberia_2n	84	dxy_w	0.00680272
y_num_ID=AL5G20950.v2.1_0	116	UKScandinavia_2n	PUWS_4n	85	dxy_w	0.00588235
y_num_ID=AL5G20950.v2.1_0	116	LE_2n	CESiberia_2n	102	dxy_w	0.0119065
y_num_ID=AL5G20950.v2.1_0	116	UKScandinavia_2n	LE_2n	85	dxy_w	0.012439
y_num_ID=AL5G20950.v2.1_0	116	PUWS_4n	LE_2n	103	dxy_w	0.00921412
y_num_ID=AL2G11890.v2.1_0	284	UKScandinavia_2n	.	157	pi_w	0.00254777
y_num_ID=AL2G11890.v2.1_0	284	PUWS_4n	.	247	pi_w	0.0114553
y_num_ID=AL2G11890.v2.1_0	284	CESiberia_2n	.	253	pi_w	0.0233006
y_num_ID=AL2G11890.v2.1_0	284	LE_2n	.	254	pi_w	0.0167649
y_num_ID=AL2G11890.v2.1_0	284	PUWS_4n	CESiberia_2n	246	dxy_w	0.0174506
y_num_ID=AL2G11890.v2.1_0	284	UKScandinavia_2n	CESiberia_2n	155	dxy_w	0.0175845
y_num_ID=AL2G11890.v2.1_0	284	UKScandinavia_2n	PUWS_4n	152	dxy_w	0.00779292
y_num_ID=AL2G11890.v2.1_0	284	LE_2n	CESiberia_2n	251	dxy_w	0.0196227
y_num_ID=AL2G11890.v2.1_0	284	UKScandinavia_2n	LE_2n	155	dxy_w	0.0189837
y_num_ID=AL2G11890.v2.1_0	284	PUWS_4n	LE_2n	245	dxy_w	0.0158872
y_num_ID=AL1G36310.v2.1_0	146	UKScandinavia_2n	.	127	pi_w	0
y_num_ID=AL1G36310.v2.1_0	146	PUWS_4n	.	127	pi_w	0.00833229
y_num_ID=AL1G36310.v2.1_0	146	CESiberia_2n	.	127	pi_w	0.000984252
y_num_ID=AL1G36310.v2.1_0	146	LE_2n	.	127	pi_w	0.00130532
y_num_ID=AL1G36310.v2.1_0	146	PUWS_4n	CESiberia_2n	127	dxy_w	0.00499156
y_num_ID=AL1G36310.v2.1_0	146	UKScandinavia_2n	CESiberia_2n	127	dxy_w	0.000492126
y_num_ID=AL1G36310.v2.1_0	146	UKScandinavia_2n	PUWS_4n	127	dxy_w	0.00449944
y_num_ID=AL1G36310.v2.1_0	146	LE_2n	CESiberia_2n	127	dxy_w	0.00118689
y_num_ID=AL1G36310.v2.1_0	146	UKScandinavia_2n	LE_2n	127	dxy_w	0.000694766
y_num_ID=AL1G36310.v2.1_0	146	PUWS_4n	LE_2n	127	dxy_w	0.0049957
y_num_ID=AL1G37050.v2.1_0	839	UKScandinavia_2n	.	152	pi_w	0.0190476
y_num_ID=AL1G37050.v2.1_0	839	PUWS_4n	.	559	pi_w	0.00483092
y_num_ID=AL1G37050.v2.1_0	839	CESiberia_2n	.	778	pi_w	0.006167
y_num_ID=AL1G37050.v2.1_0	839	LE_2n	.	653	pi_w	0.00928241
y_num_ID=AL1G37050.v2.1_0	839	PUWS_4n	CESiberia_2n	559	dxy_w	0.00531082
y_num_ID=AL1G37050.v2.1_0	839	UKScandinavia_2n	CESiberia_2n	152	dxy_w	0.0275768
y_num_ID=AL1G37050.v2.1_0	839	UKScandinavia_2n	PUWS_4n	151	dxy_w	0.0199227
y_num_ID=AL1G37050.v2.1_0	839	LE_2n	CESiberia_2n	653	dxy_w	0.00754454
y_num_ID=AL1G37050.v2.1_0	839	UKScandinavia_2n	LE_2n	152	dxy_w	0.0261293
y_num_ID=AL1G37050.v2.1_0	839	PUWS_4n	LE_2n	558	dxy_w	0.00651199
y_num_ID=AL1G36360.v2.1_0	442	UKScandinavia_2n	.	404	pi_w	0.00434543
y_num_ID=AL1G36360.v2.1_0	442	PUWS_4n	.	404	pi_w	0.00548091
y_num_ID=AL1G36360.v2.1_0	442	CESiberia_2n	.	404	pi_w	0.00577558
y_num_ID=AL1G36360.v2.1_0	442	LE_2n	.	404	pi_w	0.00470341
y_num_ID=AL1G36360.v2.1_0	442	PUWS_4n	CESiberia_2n	404	dxy_w	0.00689533
y_num_ID=AL1G36360.v2.1_0	442	UKScandinavia_2n	CESiberia_2n	404	dxy_w	0.00649752
y_num_ID=AL1G36360.v2.1_0	442	UKScandinavia_2n	PUWS_4n	404	dxy_w	0.00696605
y_num_ID=AL1G36360.v2.1_0	442	LE_2n	CESiberia_2n	404	dxy_w	0.00681603
y_num_ID=AL1G36360.v2.1_0	442	UKScandinavia_2n	LE_2n	404	dxy_w	0.00789167
y_num_ID=AL1G36360.v2.1_0	442	PUWS_4n	LE_2n	404	dxy_w	0.00714494
y_num_ID=AL1G36280.v2.1_0	824	UKScandinavia_2n	.	734	pi_w	0.00254314
y_num_ID=AL1G36280.v2.1_0	824	PUWS_4n	.	735	pi_w	0.0113191
y_num_ID=AL1G36280.v2.1_0	824	CESiberia_2n	.	738	pi_w	0.0059056
y_num_ID=AL1G36280.v2.1_0	824	LE_2n	.	738	pi_w	0.004908
y_num_ID=AL1G36280.v2.1_0	824	PUWS_4n	CESiberia_2n	735	dxy_w	0.00993683
y_num_ID=AL1G36280.v2.1_0	824	UKScandinavia_2n	CESiberia_2n	734	dxy_w	0.00955381
y_num_ID=AL1G36280.v2.1_0	824	UKScandinavia_2n	PUWS_4n	731	dxy_w	0.00985929
y_num_ID=AL1G36280.v2.1_0	824	LE_2n	CESiberia_2n	738	dxy_w	0.00816993
y_num_ID=AL1G36280.v2.1_0	824	UKScandinavia_2n	LE_2n	734	dxy_w	0.00927232
y_num_ID=AL1G36280.v2.1_0	824	PUWS_4n	LE_2n	735	dxy_w	0.0107815
y_num_ID=AL1G36380.v2.1_0	557	UKScandinavia_2n	.	492	pi_w	0.00338753
y_num_ID=AL1G36380.v2.1_0	557	PUWS_4n	.	494	pi_w	0.00492685
y_num_ID=AL1G36380.v2.1_0	557	CESiberia_2n	.	494	pi_w	0.000725371
y_num_ID=AL1G36380.v2.1_0	557	LE_2n	.	494	pi_w	0.00251142
y_num_ID=AL1G36380.v2.1_0	557	PUWS_4n	CESiberia_2n	494	dxy_w	0.0036871
y_num_ID=AL1G36380.v2.1_0	557	UKScandinavia_2n	CESiberia_2n	492	dxy_w	0.00414126
y_num_ID=AL1G36380.v2.1_0	557	UKScandinavia_2n	PUWS_4n	492	dxy_w	0.00542973
y_num_ID=AL1G36380.v2.1_0	557	LE_2n	CESiberia_2n	494	dxy_w	0.00219546
y_num_ID=AL1G36380.v2.1_0	557	UKScandinavia_2n	LE_2n	492	dxy_w	0.00379005
y_num_ID=AL1G36380.v2.1_0	557	PUWS_4n	LE_2n	494	dxy_w	0.00398905
y_num_ID=AL1G36330.v2.1_0	841	UKScandinavia_2n	.	735	pi_w	0.00617536
y_num_ID=AL1G36330.v2.1_0	841	PUWS_4n	.	738	pi_w	0.0106879
y_num_ID=AL1G36330.v2.1_0	841	CESiberia_2n	.	740	pi_w	0.00403153
y_num_ID=AL1G36330.v2.1_0	841	LE_2n	.	740	pi_w	0.00538132
y_num_ID=AL1G36330.v2.1_0	841	PUWS_4n	CESiberia_2n	738	dxy_w	0.014026
y_num_ID=AL1G36330.v2.1_0	841	UKScandinavia_2n	CESiberia_2n	735	dxy_w	0.0240986
y_num_ID=AL1G36330.v2.1_0	841	UKScandinavia_2n	PUWS_4n	733	dxy_w	0.0182258
y_num_ID=AL1G36330.v2.1_0	841	LE_2n	CESiberia_2n	740	dxy_w	0.0124354
y_num_ID=AL1G36330.v2.1_0	841	UKScandinavia_2n	LE_2n	735	dxy_w	0.0189376
y_num_ID=AL1G36330.v2.1_0	841	PUWS_4n	LE_2n	738	dxy_w	0.00867427
y_num_ID=AL1G31870.v2.1_0	1153	UKScandinavia_2n	.	970	pi_w	0.00923253
y_num_ID=AL1G31870.v2.1_0	1153	PUWS_4n	.	735	pi_w	0.0121756
y_num_ID=AL1G31870.v2.1_0	1153	CESiberia_2n	.	794	pi_w	0.0162812
y_num_ID=AL1G31870.v2.1_0	1153	LE_2n	.	715	pi_w	0.0122863
y_num_ID=AL1G31870.v2.1_0	1153	PUWS_4n	CESiberia_2n	735	dxy_w	0.0122161
y_num_ID=AL1G31870.v2.1_0	1153	UKScandinavia_2n	CESiberia_2n	793	dxy_w	0.0184636
y_num_ID=AL1G31870.v2.1_0	1153	UKScandinavia_2n	PUWS_4n	735	dxy_w	0.0172546
y_num_ID=AL1G31870.v2.1_0	1153	LE_2n	CESiberia_2n	715	dxy_w	0.0127633
y_num_ID=AL1G31870.v2.1_0	1153	UKScandinavia_2n	LE_2n	715	dxy_w	0.018042
y_num_ID=AL1G31870.v2.1_0	1153	PUWS_4n	LE_2n	712	dxy_w	0.0117936
y_num_ID=AL1G36460.v2.1_0	372	UKScandinavia_2n	.	315	pi_w	0.00973545
y_num_ID=AL1G36460.v2.1_0	372	PUWS_4n	.	315	pi_w	0.011825
y_num_ID=AL1G36460.v2.1_0	372	CESiberia_2n	.	316	pi_w	0.0121044
y_num_ID=AL1G36460.v2.1_0	372	LE_2n	.	316	pi_w	0.00963367
y_num_ID=AL1G36460.v2.1_0	372	PUWS_4n	CESiberia_2n	315	dxy_w	0.0136763
y_num_ID=AL1G36460.v2.1_0	372	UKScandinavia_2n	CESiberia_2n	315	dxy_w	0.0183333
y_num_ID=AL1G36460.v2.1_0	372	UKScandinavia_2n	PUWS_4n	315	dxy_w	0.0153288
y_num_ID=AL1G36460.v2.1_0	372	LE_2n	CESiberia_2n	316	dxy_w	0.0127884
y_num_ID=AL1G36460.v2.1_0	372	UKScandinavia_2n	LE_2n	315	dxy_w	0.0153595
y_num_ID=AL1G36460.v2.1_0	372	PUWS_4n	LE_2n	315	dxy_w	0.0112387
y_num_ID=AL1G36290.v2.1_0	1186	UKScandinavia_2n	.	1061	pi_w	0.0048382
y_num_ID=AL1G36290.v2.1_0	1186	PUWS_4n	.	1057	pi_w	0.0125893
y_num_ID=AL1G36290.v2.1_0	1186	CESiberia_2n	.	1061	pi_w	0.00339303
y_num_ID=AL1G36290.v2.1_0	1186	LE_2n	.	1060	pi_w	0.00299667
y_num_ID=AL1G36290.v2.1_0	1186	PUWS_4n	CESiberia_2n	1057	dxy_w	0.00957477
y_num_ID=AL1G36290.v2.1_0	1186	UKScandinavia_2n	CESiberia_2n	1061	dxy_w	0.00623822
y_num_ID=AL1G36290.v2.1_0	1186	UKScandinavia_2n	PUWS_4n	1057	dxy_w	0.0100689
y_num_ID=AL1G36290.v2.1_0	1186	LE_2n	CESiberia_2n	1059	dxy_w	0.00314878
y_num_ID=AL1G36290.v2.1_0	1186	UKScandinavia_2n	LE_2n	1059	dxy_w	0.00534355
y_num_ID=AL1G36290.v2.1_0	1186	PUWS_4n	LE_2n	1056	dxy_w	0.00881119
y_num_ID=AL1G36450.v2.1_0	488	UKScandinavia_2n	.	421	pi_w	0.0128794
y_num_ID=AL1G36450.v2.1_0	488	PUWS_4n	.	421	pi_w	0.00740238
y_num_ID=AL1G36450.v2.1_0	488	CESiberia_2n	.	417	pi_w	0.0102746
y_num_ID=AL1G36450.v2.1_0	488	LE_2n	.	421	pi_w	0.00505968
y_num_ID=AL1G36450.v2.1_0	488	PUWS_4n	CESiberia_2n	417	dxy_w	0.00978197
y_num_ID=AL1G36450.v2.1_0	488	UKScandinavia_2n	CESiberia_2n	417	dxy_w	0.0157845
y_num_ID=AL1G36450.v2.1_0	488	UKScandinavia_2n	PUWS_4n	421	dxy_w	0.0153546
y_num_ID=AL1G36450.v2.1_0	488	LE_2n	CESiberia_2n	417	dxy_w	0.0085079
y_num_ID=AL1G36450.v2.1_0	488	UKScandinavia_2n	LE_2n	421	dxy_w	0.0150342
y_num_ID=AL1G36450.v2.1_0	488	PUWS_4n	LE_2n	421	dxy_w	0.00652708
y_num_ID=AL1G36440.v2.1_0	635	UKScandinavia_2n	.	568	pi_w	0.00798122
y_num_ID=AL1G36440.v2.1_0	635	PUWS_4n	.	568	pi_w	0.00902638
y_num_ID=AL1G36440.v2.1_0	635	CESiberia_2n	.	564	pi_w	0.00979821
y_num_ID=AL1G36440.v2.1_0	635	LE_2n	.	568	pi_w	0.00803708
y_num_ID=AL1G36440.v2.1_0	635	PUWS_4n	CESiberia_2n	564	dxy_w	0.0100266
y_num_ID=AL1G36440.v2.1_0	635	UKScandinavia_2n	CESiberia_2n	564	dxy_w	0.0150836
y_num_ID=AL1G36440.v2.1_0	635	UKScandinavia_2n	PUWS_4n	568	dxy_w	0.0138078
y_num_ID=AL1G36440.v2.1_0	635	LE_2n	CESiberia_2n	564	dxy_w	0.0097974
y_num_ID=AL1G36440.v2.1_0	635	UKScandinavia_2n	LE_2n	568	dxy_w	0.0144159
y_num_ID=AL1G36440.v2.1_0	635	PUWS_4n	LE_2n	568	dxy_w	0.00922077
y_num_ID=AL1G36350.v2.1_0	1298	UKScandinavia_2n	.	1145	pi_w	0.00273654
y_num_ID=AL1G36350.v2.1_0	1298	PUWS_4n	.	1143	pi_w	0.00819573
y_num_ID=AL1G36350.v2.1_0	1298	CESiberia_2n	.	1144	pi_w	0.00749563
y_num_ID=AL1G36350.v2.1_0	1298	LE_2n	.	1144	pi_w	0.00577297
y_num_ID=AL1G36350.v2.1_0	1298	PUWS_4n	CESiberia_2n	1143	dxy_w	0.0100027
y_num_ID=AL1G36350.v2.1_0	1298	UKScandinavia_2n	CESiberia_2n	1144	dxy_w	0.0134615
y_num_ID=AL1G36350.v2.1_0	1298	UKScandinavia_2n	PUWS_4n	1143	dxy_w	0.00872391
y_num_ID=AL1G36350.v2.1_0	1298	LE_2n	CESiberia_2n	1144	dxy_w	0.0113219
y_num_ID=AL1G36350.v2.1_0	1298	UKScandinavia_2n	LE_2n	1144	dxy_w	0.00797511
y_num_ID=AL1G36350.v2.1_0	1298	PUWS_4n	LE_2n	1143	dxy_w	0.00801003
y_num_ID=AL1G36340.v2.1_0	1189	UKScandinavia_2n	.	1084	pi_w	0.00233702
y_num_ID=AL1G36340.v2.1_0	1189	PUWS_4n	.	1082	pi_w	0.0123057
y_num_ID=AL1G36340.v2.1_0	1189	CESiberia_2n	.	1084	pi_w	0.00318266
y_num_ID=AL1G36340.v2.1_0	1189	LE_2n	.	1084	pi_w	0.0056255
y_num_ID=AL1G36340.v2.1_0	1189	PUWS_4n	CESiberia_2n	1082	dxy_w	0.00934529
y_num_ID=AL1G36340.v2.1_0	1189	UKScandinavia_2n	CESiberia_2n	1084	dxy_w	0.0047048
y_num_ID=AL1G36340.v2.1_0	1189	UKScandinavia_2n	PUWS_4n	1082	dxy_w	0.0109585
y_num_ID=AL1G36340.v2.1_0	1189	LE_2n	CESiberia_2n	1084	dxy_w	0.00633886
y_num_ID=AL1G36340.v2.1_0	1189	UKScandinavia_2n	LE_2n	1084	dxy_w	0.00783048
y_num_ID=AL1G36340.v2.1_0	1189	PUWS_4n	LE_2n	1082	dxy_w	0.0108789
y_num_ID=AL1G36420.v2.1_0	1464	UKScandinavia_2n	.	1265	pi_w	0.00894159
y_num_ID=AL1G36420.v2.1_0	1464	PUWS_4n	.	1265	pi_w	0.00525754
y_num_ID=AL1G36420.v2.1_0	1464	CESiberia_2n	.	1266	pi_w	0.00466888
y_num_ID=AL1G36420.v2.1_0	1464	LE_2n	.	1264	pi_w	0.00659688
y_num_ID=AL1G36420.v2.1_0	1464	PUWS_4n	CESiberia_2n	1265	dxy_w	0.00577962
y_num_ID=AL1G36420.v2.1_0	1464	UKScandinavia_2n	CESiberia_2n	1265	dxy_w	0.00863354
y_num_ID=AL1G36420.v2.1_0	1464	UKScandinavia_2n	PUWS_4n	1264	dxy_w	0.00862907
y_num_ID=AL1G36420.v2.1_0	1464	LE_2n	CESiberia_2n	1264	dxy_w	0.00592489
y_num_ID=AL1G36420.v2.1_0	1464	UKScandinavia_2n	LE_2n	1263	dxy_w	0.0100623
y_num_ID=AL1G36420.v2.1_0	1464	PUWS_4n	LE_2n	1263	dxy_w	0.00693107
y_num_ID=AL1G36470.v2.1_0	1320	UKScandinavia_2n	.	1161	pi_w	0.00539765
y_num_ID=AL1G36470.v2.1_0	1320	PUWS_4n	.	1164	pi_w	0.0169903
y_num_ID=AL1G36470.v2.1_0	1320	CESiberia_2n	.	1167	pi_w	0.0141271
y_num_ID=AL1G36470.v2.1_0	1320	LE_2n	.	1165	pi_w	0.0134388
y_num_ID=AL1G36470.v2.1_0	1320	PUWS_4n	CESiberia_2n	1161	dxy_w	0.0171201
y_num_ID=AL1G36470.v2.1_0	1320	UKScandinavia_2n	CESiberia_2n	1160	dxy_w	0.0154023
y_num_ID=AL1G36470.v2.1_0	1320	UKScandinavia_2n	PUWS_4n	1158	dxy_w	0.0171128
y_num_ID=AL1G36470.v2.1_0	1320	LE_2n	CESiberia_2n	1164	dxy_w	0.0181941
y_num_ID=AL1G36470.v2.1_0	1320	UKScandinavia_2n	LE_2n	1160	dxy_w	0.0226399
y_num_ID=AL1G36470.v2.1_0	1320	PUWS_4n	LE_2n	1159	dxy_w	0.0185299
y_num_ID=AL1G36560.v2.1_0	578	UKScandinavia_2n	.	514	pi_w	0.00315607
y_num_ID=AL1G36560.v2.1_0	578	PUWS_4n	.	514	pi_w	0.00188376
y_num_ID=AL1G36560.v2.1_0	578	CESiberia_2n	.	514	pi_w	0.000243191
y_num_ID=AL1G36560.v2.1_0	578	LE_2n	.	514	pi_w	0.000457771
y_num_ID=AL1G36560.v2.1_0	578	PUWS_4n	CESiberia_2n	514	dxy_w	0.00109436
y_num_ID=AL1G36560.v2.1_0	578	UKScandinavia_2n	CESiberia_2n	514	dxy_w	0.00693093
y_num_ID=AL1G36560.v2.1_0	578	UKScandinavia_2n	PUWS_4n	514	dxy_w	0.00764314
y_num_ID=AL1G36560.v2.1_0	578	LE_2n	CESiberia_2n	514	dxy_w	0.000350481
y_num_ID=AL1G36560.v2.1_0	578	UKScandinavia_2n	LE_2n	514	dxy_w	0.00703822
y_num_ID=AL1G36560.v2.1_0	578	PUWS_4n	LE_2n	514	dxy_w	0.00120165
y_num_ID=AL1G36390.v2.1_0	1291	UKScandinavia_2n	.	1154	pi_w	0.00795301
y_num_ID=AL1G36390.v2.1_0	1291	PUWS_4n	.	1154	pi_w	0.0104399
y_num_ID=AL1G36390.v2.1_0	1291	CESiberia_2n	.	1154	pi_w	0.00577701
y_num_ID=AL1G36390.v2.1_0	1291	LE_2n	.	1154	pi_w	0.00921097
y_num_ID=AL1G36390.v2.1_0	1291	PUWS_4n	CESiberia_2n	1154	dxy_w	0.00922645
y_num_ID=AL1G36390.v2.1_0	1291	UKScandinavia_2n	CESiberia_2n	1154	dxy_w	0.00936958
y_num_ID=AL1G36390.v2.1_0	1291	UKScandinavia_2n	PUWS_4n	1154	dxy_w	0.0113023
y_num_ID=AL1G36390.v2.1_0	1291	LE_2n	CESiberia_2n	1154	dxy_w	0.00781829
y_num_ID=AL1G36390.v2.1_0	1291	UKScandinavia_2n	LE_2n	1154	dxy_w	0.0109742
y_num_ID=AL1G36390.v2.1_0	1291	PUWS_4n	LE_2n	1154	dxy_w	0.0108878
y_num_ID=AL1G36550.v2.1_0	630	UKScandinavia_2n	.	585	pi_w	0.000683761
y_num_ID=AL1G36550.v2.1_0	630	PUWS_4n	.	585	pi_w	0.00389816
y_num_ID=AL1G36550.v2.1_0	630	CESiberia_2n	.	585	pi_w	0.00421652
y_num_ID=AL1G36550.v2.1_0	630	LE_2n	.	585	pi_w	0.00265399
y_num_ID=AL1G36550.v2.1_0	630	PUWS_4n	CESiberia_2n	585	dxy_w	0.00486874
y_num_ID=AL1G36550.v2.1_0	630	UKScandinavia_2n	CESiberia_2n	585	dxy_w	0.0050641
y_num_ID=AL1G36550.v2.1_0	630	UKScandinavia_2n	PUWS_4n	585	dxy_w	0.00470085
y_num_ID=AL1G36550.v2.1_0	630	LE_2n	CESiberia_2n	585	dxy_w	0.0042358
y_num_ID=AL1G36550.v2.1_0	630	UKScandinavia_2n	LE_2n	585	dxy_w	0.00515837
y_num_ID=AL1G36550.v2.1_0	630	PUWS_4n	LE_2n	585	dxy_w	0.00432378
y_num_ID=AL1G36530.v2.1_0	1077	UKScandinavia_2n	.	985	pi_w	0.00365482
y_num_ID=AL1G36530.v2.1_0	1077	PUWS_4n	.	985	pi_w	0.0098649
y_num_ID=AL1G36530.v2.1_0	1077	CESiberia_2n	.	985	pi_w	0.00708968
y_num_ID=AL1G36530.v2.1_0	1077	LE_2n	.	985	pi_w	0.00464519
y_num_ID=AL1G36530.v2.1_0	1077	PUWS_4n	CESiberia_2n	985	dxy_w	0.00891497
y_num_ID=AL1G36530.v2.1_0	1077	UKScandinavia_2n	CESiberia_2n	985	dxy_w	0.016967
y_num_ID=AL1G36530.v2.1_0	1077	UKScandinavia_2n	PUWS_4n	985	dxy_w	0.0182234
y_num_ID=AL1G36530.v2.1_0	1077	LE_2n	CESiberia_2n	985	dxy_w	0.00617722
y_num_ID=AL1G36530.v2.1_0	1077	UKScandinavia_2n	LE_2n	985	dxy_w	0.0181106
y_num_ID=AL1G36530.v2.1_0	1077	PUWS_4n	LE_2n	985	dxy_w	0.00791868
y_num_ID=AL1G36270.v2.1_0	2238	UKScandinavia_2n	.	2048	pi_w	0.00366753
y_num_ID=AL1G36270.v2.1_0	2238	PUWS_4n	.	2047	pi_w	0.00663019
y_num_ID=AL1G36270.v2.1_0	2238	CESiberia_2n	.	2048	pi_w	0.00389404
y_num_ID=AL1G36270.v2.1_0	2238	LE_2n	.	2048	pi_w	0.00303676
y_num_ID=AL1G36270.v2.1_0	2238	PUWS_4n	CESiberia_2n	2047	dxy_w	0.00708993
y_num_ID=AL1G36270.v2.1_0	2238	UKScandinavia_2n	CESiberia_2n	2048	dxy_w	0.00745239
y_num_ID=AL1G36270.v2.1_0	2238	UKScandinavia_2n	PUWS_4n	2047	dxy_w	0.0082932
y_num_ID=AL1G36270.v2.1_0	2238	LE_2n	CESiberia_2n	2048	dxy_w	0.0045355
y_num_ID=AL1G36270.v2.1_0	2238	UKScandinavia_2n	LE_2n	2048	dxy_w	0.00772788
y_num_ID=AL1G36270.v2.1_0	2238	PUWS_4n	LE_2n	2047	dxy_w	0.0067719
y_num_ID=AL1G36510.v2.1_0	1471	UKScandinavia_2n	.	1312	pi_w	0.00111789
y_num_ID=AL1G36510.v2.1_0	1471	PUWS_4n	.	1312	pi_w	0.00332704
y_num_ID=AL1G36510.v2.1_0	1471	CESiberia_2n	.	1312	pi_w	0.00264863
y_num_ID=AL1G36510.v2.1_0	1471	LE_2n	.	1312	pi_w	0.00200127
y_num_ID=AL1G36510.v2.1_0	1471	PUWS_4n	CESiberia_2n	1312	dxy_w	0.00329037
y_num_ID=AL1G36510.v2.1_0	1471	UKScandinavia_2n	CESiberia_2n	1312	dxy_w	0.00309642
y_num_ID=AL1G36510.v2.1_0	1471	UKScandinavia_2n	PUWS_4n	1312	dxy_w	0.00327744
y_num_ID=AL1G36510.v2.1_0	1471	LE_2n	CESiberia_2n	1312	dxy_w	0.00323092
y_num_ID=AL1G36510.v2.1_0	1471	UKScandinavia_2n	LE_2n	1312	dxy_w	0.00341643
y_num_ID=AL1G36510.v2.1_0	1471	PUWS_4n	LE_2n	1312	dxy_w	0.00302156
y_num_ID=AL1G36370.v2.1_0	2067	UKScandinavia_2n	.	1888	pi_w	0.00484934
y_num_ID=AL1G36370.v2.1_0	2067	PUWS_4n	.	1885	pi_w	0.00975959
y_num_ID=AL1G36370.v2.1_0	2067	CESiberia_2n	.	1887	pi_w	0.00326356
y_num_ID=AL1G36370.v2.1_0	2067	LE_2n	.	1886	pi_w	0.00599501
y_num_ID=AL1G36370.v2.1_0	2067	PUWS_4n	CESiberia_2n	1885	dxy_w	0.00824649
y_num_ID=AL1G36370.v2.1_0	2067	UKScandinavia_2n	CESiberia_2n	1887	dxy_w	0.0072867
y_num_ID=AL1G36370.v2.1_0	2067	UKScandinavia_2n	PUWS_4n	1885	dxy_w	0.00892383
y_num_ID=AL1G36370.v2.1_0	2067	LE_2n	CESiberia_2n	1886	dxy_w	0.00623791
y_num_ID=AL1G36370.v2.1_0	2067	UKScandinavia_2n	LE_2n	1886	dxy_w	0.00899195
y_num_ID=AL1G36370.v2.1_0	2067	PUWS_4n	LE_2n	1884	dxy_w	0.00923188
y_num_ID=AL1G36540.v2.1_0	1007	UKScandinavia_2n	.	890	pi_w	0.00811486
y_num_ID=AL1G36540.v2.1_0	1007	PUWS_4n	.	889	pi_w	0.0136906
y_num_ID=AL1G36540.v2.1_0	1007	CESiberia_2n	.	889	pi_w	0.0118298
y_num_ID=AL1G36540.v2.1_0	1007	LE_2n	.	888	pi_w	0.0127511
y_num_ID=AL1G36540.v2.1_0	1007	PUWS_4n	CESiberia_2n	888	dxy_w	0.015082
y_num_ID=AL1G36540.v2.1_0	1007	UKScandinavia_2n	CESiberia_2n	889	dxy_w	0.0195304
y_num_ID=AL1G36540.v2.1_0	1007	UKScandinavia_2n	PUWS_4n	889	dxy_w	0.0180058
y_num_ID=AL1G36540.v2.1_0	1007	LE_2n	CESiberia_2n	888	dxy_w	0.0134783
y_num_ID=AL1G36540.v2.1_0	1007	UKScandinavia_2n	LE_2n	888	dxy_w	0.0191636
y_num_ID=AL1G36540.v2.1_0	1007	PUWS_4n	LE_2n	887	dxy_w	0.0155434
y_num_ID=AL1G36480.v2.1_0	1504	UKScandinavia_2n	.	1343	pi_w	0.0102259
y_num_ID=AL1G36480.v2.1_0	1504	PUWS_4n	.	1342	pi_w	0.00505051
y_num_ID=AL1G36480.v2.1_0	1504	CESiberia_2n	.	1343	pi_w	0.0117895
y_num_ID=AL1G36480.v2.1_0	1504	LE_2n	.	1343	pi_w	0.00224177
y_num_ID=AL1G36480.v2.1_0	1504	PUWS_4n	CESiberia_2n	1342	dxy_w	0.00979848
y_num_ID=AL1G36480.v2.1_0	1504	UKScandinavia_2n	CESiberia_2n	1343	dxy_w	0.0123232
y_num_ID=AL1G36480.v2.1_0	1504	UKScandinavia_2n	PUWS_4n	1342	dxy_w	0.00876623
y_num_ID=AL1G36480.v2.1_0	1504	LE_2n	CESiberia_2n	1343	dxy_w	0.00804827
y_num_ID=AL1G36480.v2.1_0	1504	UKScandinavia_2n	LE_2n	1343	dxy_w	0.00748106
y_num_ID=AL1G36480.v2.1_0	1504	PUWS_4n	LE_2n	1342	dxy_w	0.00409993
y_num_ID=AL1G36620.v2.1_0	392	UKScandinavia_2n	.	363	pi_w	0.0112182
y_num_ID=AL1G36620.v2.1_0	392	PUWS_4n	.	363	pi_w	0.0168193
y_num_ID=AL1G36620.v2.1_0	392	CESiberia_2n	.	363	pi_w	0.0103076
y_num_ID=AL1G36620.v2.1_0	392	LE_2n	.	363	pi_w	0.0148657
y_num_ID=AL1G36620.v2.1_0	392	PUWS_4n	CESiberia_2n	363	dxy_w	0.0146104
y_num_ID=AL1G36620.v2.1_0	392	UKScandinavia_2n	CESiberia_2n	363	dxy_w	0.0171832
y_num_ID=AL1G36620.v2.1_0	392	UKScandinavia_2n	PUWS_4n	363	dxy_w	0.018677
y_num_ID=AL1G36620.v2.1_0	392	LE_2n	CESiberia_2n	363	dxy_w	0.0145989
y_num_ID=AL1G36620.v2.1_0	392	UKScandinavia_2n	LE_2n	363	dxy_w	0.0178111
y_num_ID=AL1G36620.v2.1_0	392	PUWS_4n	LE_2n	363	dxy_w	0.0160594
y_num_ID=AL1G36300.v2.1_0	2553	UKScandinavia_2n	.	2344	pi_w	0.010438
y_num_ID=AL1G36300.v2.1_0	2553	PUWS_4n	.	2348	pi_w	0.0123192
y_num_ID=AL1G36300.v2.1_0	2553	CESiberia_2n	.	2350	pi_w	0.00184752
y_num_ID=AL1G36300.v2.1_0	2553	LE_2n	.	2345	pi_w	0.00781222
y_num_ID=AL1G36300.v2.1_0	2553	PUWS_4n	CESiberia_2n	2348	dxy_w	0.00856523
y_num_ID=AL1G36300.v2.1_0	2553	UKScandinavia_2n	CESiberia_2n	2343	dxy_w	0.00877347
y_num_ID=AL1G36300.v2.1_0	2553	UKScandinavia_2n	PUWS_4n	2341	dxy_w	0.0144367
y_num_ID=AL1G36300.v2.1_0	2553	LE_2n	CESiberia_2n	2344	dxy_w	0.00543029
y_num_ID=AL1G36300.v2.1_0	2553	UKScandinavia_2n	LE_2n	2338	dxy_w	0.0116896
y_num_ID=AL1G36300.v2.1_0	2553	PUWS_4n	LE_2n	2342	dxy_w	0.0115202
y_num_ID=AL1G36570.v2.1_0	946	UKScandinavia_2n	.	837	pi_w	0.00860215
y_num_ID=AL1G36570.v2.1_0	946	PUWS_4n	.	835	pi_w	0.00754364
y_num_ID=AL1G36570.v2.1_0	946	CESiberia_2n	.	838	pi_w	0.00355012
y_num_ID=AL1G36570.v2.1_0	946	LE_2n	.	838	pi_w	0.00814902
y_num_ID=AL1G36570.v2.1_0	946	PUWS_4n	CESiberia_2n	835	dxy_w	0.00567793
y_num_ID=AL1G36570.v2.1_0	946	UKScandinavia_2n	CESiberia_2n	837	dxy_w	0.0144863
y_num_ID=AL1G36570.v2.1_0	946	UKScandinavia_2n	PUWS_4n	835	dxy_w	0.0169889
y_num_ID=AL1G36570.v2.1_0	946	LE_2n	CESiberia_2n	838	dxy_w	0.00734417
y_num_ID=AL1G36570.v2.1_0	946	UKScandinavia_2n	LE_2n	837	dxy_w	0.0161079
y_num_ID=AL1G36570.v2.1_0	946	PUWS_4n	LE_2n	835	dxy_w	0.00915564
y_num_ID=AL1G36430.v2.1_0	1893	UKScandinavia_2n	.	1721	pi_w	0.00752792
y_num_ID=AL1G36430.v2.1_0	1893	PUWS_4n	.	1719	pi_w	0.00894454
y_num_ID=AL1G36430.v2.1_0	1893	CESiberia_2n	.	1721	pi_w	0.00490994
y_num_ID=AL1G36430.v2.1_0	1893	LE_2n	.	1721	pi_w	0.00374735
y_num_ID=AL1G36430.v2.1_0	1893	PUWS_4n	CESiberia_2n	1719	dxy_w	0.00758851
y_num_ID=AL1G36430.v2.1_0	1893	UKScandinavia_2n	CESiberia_2n	1721	dxy_w	0.00995787
y_num_ID=AL1G36430.v2.1_0	1893	UKScandinavia_2n	PUWS_4n	1719	dxy_w	0.0117427
y_num_ID=AL1G36430.v2.1_0	1893	LE_2n	CESiberia_2n	1721	dxy_w	0.00496249
y_num_ID=AL1G36430.v2.1_0	1893	UKScandinavia_2n	LE_2n	1721	dxy_w	0.00964214
y_num_ID=AL1G36430.v2.1_0	1893	PUWS_4n	LE_2n	1719	dxy_w	0.00749776
y_num_ID=AL1G36500.v2.1_0	1782	UKScandinavia_2n	.	1608	pi_w	0.0109038
y_num_ID=AL1G36500.v2.1_0	1782	PUWS_4n	.	1606	pi_w	0.0118124
y_num_ID=AL1G36500.v2.1_0	1782	CESiberia_2n	.	1608	pi_w	0.00713101
y_num_ID=AL1G36500.v2.1_0	1782	LE_2n	.	1608	pi_w	0.00929014
y_num_ID=AL1G36500.v2.1_0	1782	PUWS_4n	CESiberia_2n	1606	dxy_w	0.0139378
y_num_ID=AL1G36500.v2.1_0	1782	UKScandinavia_2n	CESiberia_2n	1608	dxy_w	0.0144123
y_num_ID=AL1G36500.v2.1_0	1782	UKScandinavia_2n	PUWS_4n	1606	dxy_w	0.0157659
y_num_ID=AL1G36500.v2.1_0	1782	LE_2n	CESiberia_2n	1608	dxy_w	0.0103481
y_num_ID=AL1G36500.v2.1_0	1782	UKScandinavia_2n	LE_2n	1608	dxy_w	0.0136927
y_num_ID=AL1G36500.v2.1_0	1782	PUWS_4n	LE_2n	1606	dxy_w	0.0128223
y_num_ID=AL1G36610.v2.1_0	664	UKScandinavia_2n	.	604	pi_w	0.00371597
y_num_ID=AL1G36610.v2.1_0	664	PUWS_4n	.	604	pi_w	0.00471561
y_num_ID=AL1G36610.v2.1_0	664	CESiberia_2n	.	605	pi_w	0.00450413
y_num_ID=AL1G36610.v2.1_0	664	LE_2n	.	603	pi_w	0.00219639
y_num_ID=AL1G36610.v2.1_0	664	PUWS_4n	CESiberia_2n	604	dxy_w	0.00507406
y_num_ID=AL1G36610.v2.1_0	664	UKScandinavia_2n	CESiberia_2n	604	dxy_w	0.00643626
y_num_ID=AL1G36610.v2.1_0	664	UKScandinavia_2n	PUWS_4n	604	dxy_w	0.00781102
y_num_ID=AL1G36610.v2.1_0	664	LE_2n	CESiberia_2n	603	dxy_w	0.0032192
y_num_ID=AL1G36610.v2.1_0	664	UKScandinavia_2n	LE_2n	602	dxy_w	0.00560876
y_num_ID=AL1G36610.v2.1_0	664	PUWS_4n	LE_2n	602	dxy_w	0.00290581
y_num_ID=AL1G36670.v2.1_0	458	UKScandinavia_2n	.	416	pi_w	0.0160791
y_num_ID=AL1G36670.v2.1_0	458	PUWS_4n	.	416	pi_w	0.0152378
y_num_ID=AL1G36670.v2.1_0	458	CESiberia_2n	.	416	pi_w	0.0098758
y_num_ID=AL1G36670.v2.1_0	458	LE_2n	.	416	pi_w	0.00880125
y_num_ID=AL1G36670.v2.1_0	458	PUWS_4n	CESiberia_2n	416	dxy_w	0.0135789
y_num_ID=AL1G36670.v2.1_0	458	UKScandinavia_2n	CESiberia_2n	416	dxy_w	0.0223558
y_num_ID=AL1G36670.v2.1_0	458	UKScandinavia_2n	PUWS_4n	416	dxy_w	0.0211481
y_num_ID=AL1G36670.v2.1_0	458	LE_2n	CESiberia_2n	416	dxy_w	0.00944747
y_num_ID=AL1G36670.v2.1_0	458	UKScandinavia_2n	LE_2n	416	dxy_w	0.0205812
y_num_ID=AL1G36670.v2.1_0	458	PUWS_4n	LE_2n	416	dxy_w	0.0127313
y_num_ID=AL1G36690.v2.1_0	401	UKScandinavia_2n	.	359	pi_w	0.0100898
y_num_ID=AL1G36690.v2.1_0	401	PUWS_4n	.	359	pi_w	0.0120707
y_num_ID=AL1G36690.v2.1_0	401	CESiberia_2n	.	351	pi_w	0.00821462
y_num_ID=AL1G36690.v2.1_0	401	LE_2n	.	353	pi_w	0.0100049
y_num_ID=AL1G36690.v2.1_0	401	PUWS_4n	CESiberia_2n	349	dxy_w	0.0134018
y_num_ID=AL1G36690.v2.1_0	401	UKScandinavia_2n	CESiberia_2n	351	dxy_w	0.0193376
y_num_ID=AL1G36690.v2.1_0	401	UKScandinavia_2n	PUWS_4n	357	dxy_w	0.0232226
y_num_ID=AL1G36690.v2.1_0	401	LE_2n	CESiberia_2n	351	dxy_w	0.0108513
y_num_ID=AL1G36690.v2.1_0	401	UKScandinavia_2n	LE_2n	353	dxy_w	0.0181636
y_num_ID=AL1G36690.v2.1_0	401	PUWS_4n	LE_2n	351	dxy_w	0.0117767
y_num_ID=AL1G36810.v2.1_0	207	UKScandinavia_2n	.	180	pi_w	0.00395062
y_num_ID=AL1G36810.v2.1_0	207	PUWS_4n	.	180	pi_w	0.00818636
y_num_ID=AL1G36810.v2.1_0	207	CESiberia_2n	.	180	pi_w	0.00833333
y_num_ID=AL1G36810.v2.1_0	207	LE_2n	.	180	pi_w	0.00699148
y_num_ID=AL1G36810.v2.1_0	207	PUWS_4n	CESiberia_2n	180	dxy_w	0.00906498
y_num_ID=AL1G36810.v2.1_0	207	UKScandinavia_2n	CESiberia_2n	180	dxy_w	0.00777778
y_num_ID=AL1G36810.v2.1_0	207	UKScandinavia_2n	PUWS_4n	180	dxy_w	0.00638889
y_num_ID=AL1G36810.v2.1_0	207	LE_2n	CESiberia_2n	180	dxy_w	0.00931373
y_num_ID=AL1G36810.v2.1_0	207	UKScandinavia_2n	LE_2n	180	dxy_w	0.00588235
y_num_ID=AL1G36810.v2.1_0	207	PUWS_4n	LE_2n	180	dxy_w	0.00759804
y_num_ID=AL1G36640.v2.1_0	1254	UKScandinavia_2n	.	1139	pi_w	0.0013267
y_num_ID=AL1G36640.v2.1_0	1254	PUWS_4n	.	1139	pi_w	0.00988057
y_num_ID=AL1G36640.v2.1_0	1254	CESiberia_2n	.	1139	pi_w	0.00583845
y_num_ID=AL1G36640.v2.1_0	1254	LE_2n	.	1139	pi_w	0.00917558
y_num_ID=AL1G36640.v2.1_0	1254	PUWS_4n	CESiberia_2n	1139	dxy_w	0.0107119
y_num_ID=AL1G36640.v2.1_0	1254	UKScandinavia_2n	CESiberia_2n	1139	dxy_w	0.0121598
y_num_ID=AL1G36640.v2.1_0	1254	UKScandinavia_2n	PUWS_4n	1139	dxy_w	0.00939421
y_num_ID=AL1G36640.v2.1_0	1254	LE_2n	CESiberia_2n	1139	dxy_w	0.0102515
y_num_ID=AL1G36640.v2.1_0	1254	UKScandinavia_2n	LE_2n	1139	dxy_w	0.0101482
y_num_ID=AL1G36640.v2.1_0	1254	PUWS_4n	LE_2n	1139	dxy_w	0.00993242
y_num_ID=AL1G36790.v2.1_0	527	UKScandinavia_2n	.	470	pi_w	0.014127
y_num_ID=AL1G36790.v2.1_0	527	PUWS_4n	.	472	pi_w	0.0110286
y_num_ID=AL1G36790.v2.1_0	527	CESiberia_2n	.	474	pi_w	0.0153064
y_num_ID=AL1G36790.v2.1_0	527	LE_2n	.	469	pi_w	0.014286
y_num_ID=AL1G36790.v2.1_0	527	PUWS_4n	CESiberia_2n	470	dxy_w	0.0134512
y_num_ID=AL1G36790.v2.1_0	527	UKScandinavia_2n	CESiberia_2n	470	dxy_w	0.017595
y_num_ID=AL1G36790.v2.1_0	527	UKScandinavia_2n	PUWS_4n	466	dxy_w	0.0162592
y_num_ID=AL1G36790.v2.1_0	527	LE_2n	CESiberia_2n	468	dxy_w	0.0150164
y_num_ID=AL1G36790.v2.1_0	527	UKScandinavia_2n	LE_2n	464	dxy_w	0.0156905
y_num_ID=AL1G36790.v2.1_0	527	PUWS_4n	LE_2n	467	dxy_w	0.0138523
y_num_ID=AL1G36520.v2.1_0	2313	UKScandinavia_2n	.	2088	pi_w	0.00102171
y_num_ID=AL1G36520.v2.1_0	2313	PUWS_4n	.	2087	pi_w	0.00553058
y_num_ID=AL1G36520.v2.1_0	2313	CESiberia_2n	.	2087	pi_w	0.00395304
y_num_ID=AL1G36520.v2.1_0	2313	LE_2n	.	2088	pi_w	0.00467061
y_num_ID=AL1G36520.v2.1_0	2313	PUWS_4n	CESiberia_2n	2087	dxy_w	0.00574132
y_num_ID=AL1G36520.v2.1_0	2313	UKScandinavia_2n	CESiberia_2n	2087	dxy_w	0.00439626
y_num_ID=AL1G36520.v2.1_0	2313	UKScandinavia_2n	PUWS_4n	2087	dxy_w	0.00532891
y_num_ID=AL1G36520.v2.1_0	2313	LE_2n	CESiberia_2n	2087	dxy_w	0.00581154
y_num_ID=AL1G36520.v2.1_0	2313	UKScandinavia_2n	LE_2n	2088	dxy_w	0.00544005
y_num_ID=AL1G36520.v2.1_0	2313	PUWS_4n	LE_2n	2087	dxy_w	0.00573176
y_num_ID=AL3G44270.v2.1_0	928	PUWS_4n	.	158	pi_w	0
y_num_ID=AL3G44270.v2.1_0	928	CESiberia_2n	.	310	pi_w	0.00171065
y_num_ID=AL3G44270.v2.1_0	928	LE_2n	.	213	pi_w	0.00268443
y_num_ID=AL3G44270.v2.1_0	928	PUWS_4n	CESiberia_2n	158	dxy_w	0.00263713
y_num_ID=AL3G44270.v2.1_0	928	LE_2n	CESiberia_2n	209	dxy_w	0.00343869
y_num_ID=AL3G44270.v2.1_0	928	PUWS_4n	LE_2n	152	dxy_w	0.00198698
y_num_ID=AL1G36630.v2.1_0	1265	UKScandinavia_2n	.	1139	pi_w	0.00743342
y_num_ID=AL1G36630.v2.1_0	1265	PUWS_4n	.	1139	pi_w	0.00918377
y_num_ID=AL1G36630.v2.1_0	1265	CESiberia_2n	.	1140	pi_w	0.00226351
y_num_ID=AL1G36630.v2.1_0	1265	LE_2n	.	1139	pi_w	0.00557452
y_num_ID=AL1G36630.v2.1_0	1265	PUWS_4n	CESiberia_2n	1139	dxy_w	0.0085439
y_num_ID=AL1G36630.v2.1_0	1265	UKScandinavia_2n	CESiberia_2n	1139	dxy_w	0.00833281
y_num_ID=AL1G36630.v2.1_0	1265	UKScandinavia_2n	PUWS_4n	1139	dxy_w	0.00997742
y_num_ID=AL1G36630.v2.1_0	1265	LE_2n	CESiberia_2n	1139	dxy_w	0.00624488
y_num_ID=AL1G36630.v2.1_0	1265	UKScandinavia_2n	LE_2n	1139	dxy_w	0.00788101
y_num_ID=AL1G36630.v2.1_0	1265	PUWS_4n	LE_2n	1139	dxy_w	0.00798467
y_num_ID=AL1G36580.v2.1_0	1826	UKScandinavia_2n	.	1648	pi_w	0.0110133
y_num_ID=AL1G36580.v2.1_0	1826	PUWS_4n	.	1644	pi_w	0.0115274
y_num_ID=AL1G36580.v2.1_0	1826	CESiberia_2n	.	1646	pi_w	0.0102015
y_num_ID=AL1G36580.v2.1_0	1826	LE_2n	.	1647	pi_w	0.0108045
y_num_ID=AL1G36580.v2.1_0	1826	PUWS_4n	CESiberia_2n	1643	dxy_w	0.0120941
y_num_ID=AL1G36580.v2.1_0	1826	UKScandinavia_2n	CESiberia_2n	1646	dxy_w	0.0205878
y_num_ID=AL1G36580.v2.1_0	1826	UKScandinavia_2n	PUWS_4n	1644	dxy_w	0.0177286
y_num_ID=AL1G36580.v2.1_0	1826	LE_2n	CESiberia_2n	1646	dxy_w	0.0137678
y_num_ID=AL1G36580.v2.1_0	1826	UKScandinavia_2n	LE_2n	1647	dxy_w	0.0180855
y_num_ID=AL1G36580.v2.1_0	1826	PUWS_4n	LE_2n	1644	dxy_w	0.0126885
y_num_ID=AL1G36600.v2.1_0	1677	UKScandinavia_2n	.	1525	pi_w	0.0139745
y_num_ID=AL1G36600.v2.1_0	1677	PUWS_4n	.	1525	pi_w	0.0123879
y_num_ID=AL1G36600.v2.1_0	1677	CESiberia_2n	.	1525	pi_w	0.010306
y_num_ID=AL1G36600.v2.1_0	1677	LE_2n	.	1525	pi_w	0.0126308
y_num_ID=AL1G36600.v2.1_0	1677	PUWS_4n	CESiberia_2n	1525	dxy_w	0.0121194
y_num_ID=AL1G36600.v2.1_0	1677	UKScandinavia_2n	CESiberia_2n	1525	dxy_w	0.025918
y_num_ID=AL1G36600.v2.1_0	1677	UKScandinavia_2n	PUWS_4n	1525	dxy_w	0.0255738
y_num_ID=AL1G36600.v2.1_0	1677	LE_2n	CESiberia_2n	1525	dxy_w	0.0127568
y_num_ID=AL1G36600.v2.1_0	1677	UKScandinavia_2n	LE_2n	1525	dxy_w	0.026704
y_num_ID=AL1G36600.v2.1_0	1677	PUWS_4n	LE_2n	1525	dxy_w	0.0129921
y_num_ID=AL1G36820.v2.1_0	587	UKScandinavia_2n	.	540	pi_w	0.0027572
y_num_ID=AL1G36820.v2.1_0	587	PUWS_4n	.	540	pi_w	0.00469332
y_num_ID=AL1G36820.v2.1_0	587	CESiberia_2n	.	540	pi_w	0.00626543
y_num_ID=AL1G36820.v2.1_0	587	LE_2n	.	540	pi_w	0.00474681
y_num_ID=AL1G36820.v2.1_0	587	PUWS_4n	CESiberia_2n	540	dxy_w	0.00693618
y_num_ID=AL1G36820.v2.1_0	587	UKScandinavia_2n	CESiberia_2n	540	dxy_w	0.008125
y_num_ID=AL1G36820.v2.1_0	587	UKScandinavia_2n	PUWS_4n	540	dxy_w	0.00534392
y_num_ID=AL1G36820.v2.1_0	587	LE_2n	CESiberia_2n	540	dxy_w	0.00784995
y_num_ID=AL1G36820.v2.1_0	587	UKScandinavia_2n	LE_2n	540	dxy_w	0.00502179
y_num_ID=AL1G36820.v2.1_0	587	PUWS_4n	LE_2n	540	dxy_w	0.00530268
y_num_ID=AL1G36800.v2.1_0	664	UKScandinavia_2n	.	545	pi_w	0.00521916
y_num_ID=AL1G36800.v2.1_0	664	PUWS_4n	.	586	pi_w	0.0107038
y_num_ID=AL1G36800.v2.1_0	664	CESiberia_2n	.	547	pi_w	0.00368895
y_num_ID=AL1G36800.v2.1_0	664	LE_2n	.	570	pi_w	0.00953413
y_num_ID=AL1G36800.v2.1_0	664	PUWS_4n	CESiberia_2n	547	dxy_w	0.00923381
y_num_ID=AL1G36800.v2.1_0	664	UKScandinavia_2n	CESiberia_2n	525	dxy_w	0.0158265
y_num_ID=AL1G36800.v2.1_0	664	UKScandinavia_2n	PUWS_4n	544	dxy_w	0.0174632
y_num_ID=AL1G36800.v2.1_0	664	LE_2n	CESiberia_2n	538	dxy_w	0.0116417
y_num_ID=AL1G36800.v2.1_0	664	UKScandinavia_2n	LE_2n	544	dxy_w	0.0180474
y_num_ID=AL1G36800.v2.1_0	664	PUWS_4n	LE_2n	569	dxy_w	0.0135172
y_num_ID=AL1G36680.v2.1_0	1128	UKScandinavia_2n	.	1000	pi_w	0.0116889
y_num_ID=AL1G36680.v2.1_0	1128	PUWS_4n	.	1000	pi_w	0.0154439
y_num_ID=AL1G36680.v2.1_0	1128	CESiberia_2n	.	1001	pi_w	0.00614386
y_num_ID=AL1G36680.v2.1_0	1128	LE_2n	.	1001	pi_w	0.0126487
y_num_ID=AL1G36680.v2.1_0	1128	PUWS_4n	CESiberia_2n	1000	dxy_w	0.0150238
y_num_ID=AL1G36680.v2.1_0	1128	UKScandinavia_2n	CESiberia_2n	1000	dxy_w	0.0244625
y_num_ID=AL1G36680.v2.1_0	1128	UKScandinavia_2n	PUWS_4n	999	dxy_w	0.0181396
y_num_ID=AL1G36680.v2.1_0	1128	LE_2n	CESiberia_2n	1001	dxy_w	0.0112994
y_num_ID=AL1G36680.v2.1_0	1128	UKScandinavia_2n	LE_2n	1000	dxy_w	0.0225441
y_num_ID=AL1G36680.v2.1_0	1128	PUWS_4n	LE_2n	1000	dxy_w	0.015625
y_num_ID=AL1G36880.v2.1_0	440	UKScandinavia_2n	.	176	pi_w	0.00580808
y_num_ID=AL1G36880.v2.1_0	440	PUWS_4n	.	353	pi_w	0.024698
y_num_ID=AL1G36880.v2.1_0	440	CESiberia_2n	.	367	pi_w	0.0152551
y_num_ID=AL1G36880.v2.1_0	440	LE_2n	.	365	pi_w	0.0114126
y_num_ID=AL1G36880.v2.1_0	440	PUWS_4n	CESiberia_2n	352	dxy_w	0.0287845
y_num_ID=AL1G36880.v2.1_0	440	UKScandinavia_2n	CESiberia_2n	176	dxy_w	0.0179688
y_num_ID=AL1G36880.v2.1_0	440	UKScandinavia_2n	PUWS_4n	175	dxy_w	0.00344898
y_num_ID=AL1G36880.v2.1_0	440	LE_2n	CESiberia_2n	356	dxy_w	0.0122925
y_num_ID=AL1G36880.v2.1_0	440	UKScandinavia_2n	LE_2n	176	dxy_w	0.015311
y_num_ID=AL1G36880.v2.1_0	440	PUWS_4n	LE_2n	347	dxy_w	0.0258565
y_num_ID=AL1G36830.v2.1_0	821	UKScandinavia_2n	.	681	pi_w	0.00891779
y_num_ID=AL1G36830.v2.1_0	821	PUWS_4n	.	648	pi_w	0.0261976
y_num_ID=AL1G36830.v2.1_0	821	CESiberia_2n	.	679	pi_w	0.0218444
y_num_ID=AL1G36830.v2.1_0	821	LE_2n	.	681	pi_w	0.0211643
y_num_ID=AL1G36830.v2.1_0	821	PUWS_4n	CESiberia_2n	648	dxy_w	0.0278086
y_num_ID=AL1G36830.v2.1_0	821	UKScandinavia_2n	CESiberia_2n	672	dxy_w	0.0380226
y_num_ID=AL1G36830.v2.1_0	821	UKScandinavia_2n	PUWS_4n	641	dxy_w	0.0262778
y_num_ID=AL1G36830.v2.1_0	821	LE_2n	CESiberia_2n	678	dxy_w	0.0317766
y_num_ID=AL1G36830.v2.1_0	821	UKScandinavia_2n	LE_2n	674	dxy_w	0.019666
y_num_ID=AL1G36830.v2.1_0	821	PUWS_4n	LE_2n	647	dxy_w	0.0260413
y_num_ID=AL7G35910.v2.1_0	298	UKScandinavia_2n	.	260	pi_w	0.00686813
y_num_ID=AL7G35910.v2.1_0	298	PUWS_4n	.	271	pi_w	0.0288181
y_num_ID=AL7G35910.v2.1_0	298	CESiberia_2n	.	258	pi_w	0.0021041
y_num_ID=AL7G35910.v2.1_0	298	LE_2n	.	262	pi_w	0.0232886
y_num_ID=AL7G35910.v2.1_0	298	PUWS_4n	CESiberia_2n	258	dxy_w	0.0233942
y_num_ID=AL7G35910.v2.1_0	298	UKScandinavia_2n	CESiberia_2n	258	dxy_w	0.0070598
y_num_ID=AL7G35910.v2.1_0	298	UKScandinavia_2n	PUWS_4n	260	dxy_w	0.0274382
y_num_ID=AL7G35910.v2.1_0	298	LE_2n	CESiberia_2n	257	dxy_w	0.0183599
y_num_ID=AL7G35910.v2.1_0	298	UKScandinavia_2n	LE_2n	259	dxy_w	0.024472
y_num_ID=AL7G35910.v2.1_0	298	PUWS_4n	LE_2n	262	dxy_w	0.0271265
y_num_ID=AL1G37000.v2.1_0	654	UKScandinavia_2n	.	111	pi_w	0.00540541
y_num_ID=AL1G37000.v2.1_0	654	PUWS_4n	.	11	pi_w	0
y_num_ID=AL1G37000.v2.1_0	654	CESiberia_2n	.	336	pi_w	0.00119048
y_num_ID=AL1G37000.v2.1_0	654	LE_2n	.	326	pi_w	0
y_num_ID=AL1G37000.v2.1_0	654	PUWS_4n	CESiberia_2n	11	dxy_w	0
y_num_ID=AL1G37000.v2.1_0	654	UKScandinavia_2n	CESiberia_2n	111	dxy_w	0.0207207
y_num_ID=AL1G37000.v2.1_0	654	UKScandinavia_2n	PUWS_4n	11	dxy_w	0
y_num_ID=AL1G37000.v2.1_0	654	LE_2n	CESiberia_2n	306	dxy_w	0
y_num_ID=AL1G37000.v2.1_0	654	UKScandinavia_2n	LE_2n	109	dxy_w	0.00458716
y_num_ID=AL1G37000.v2.1_0	654	PUWS_4n	LE_2n	11	dxy_w	0
y_num_ID=AL1G36400.v2.1_0	3771	UKScandinavia_2n	.	3368	pi_w	0.00680918
y_num_ID=AL1G36400.v2.1_0	3771	PUWS_4n	.	3370	pi_w	0.00418963
y_num_ID=AL1G36400.v2.1_0	3771	CESiberia_2n	.	3370	pi_w	0.00232938
y_num_ID=AL1G36400.v2.1_0	3771	LE_2n	.	3369	pi_w	0.00333811
y_num_ID=AL1G36400.v2.1_0	3771	PUWS_4n	CESiberia_2n	3370	dxy_w	0.00362309
y_num_ID=AL1G36400.v2.1_0	3771	UKScandinavia_2n	CESiberia_2n	3368	dxy_w	0.0114608
y_num_ID=AL1G36400.v2.1_0	3771	UKScandinavia_2n	PUWS_4n	3368	dxy_w	0.012061
y_num_ID=AL1G36400.v2.1_0	3771	LE_2n	CESiberia_2n	3369	dxy_w	0.0042041
y_num_ID=AL1G36400.v2.1_0	3771	UKScandinavia_2n	LE_2n	3367	dxy_w	0.0120106
y_num_ID=AL1G36400.v2.1_0	3771	PUWS_4n	LE_2n	3369	dxy_w	0.00487943
y_num_ID=AL1G36920.v2.1_0	567	UKScandinavia_2n	.	512	pi_w	0.00486111
y_num_ID=AL1G36920.v2.1_0	567	PUWS_4n	.	509	pi_w	0.0251713
y_num_ID=AL1G36920.v2.1_0	567	CESiberia_2n	.	512	pi_w	0.00736679
y_num_ID=AL1G36920.v2.1_0	567	LE_2n	.	510	pi_w	0.0138867
y_num_ID=AL1G36920.v2.1_0	567	PUWS_4n	CESiberia_2n	509	dxy_w	0.0210672
y_num_ID=AL1G36920.v2.1_0	567	UKScandinavia_2n	CESiberia_2n	512	dxy_w	0.0106445
y_num_ID=AL1G36920.v2.1_0	567	UKScandinavia_2n	PUWS_4n	509	dxy_w	0.0232108
y_num_ID=AL1G36920.v2.1_0	567	LE_2n	CESiberia_2n	510	dxy_w	0.0144103
y_num_ID=AL1G36920.v2.1_0	567	UKScandinavia_2n	LE_2n	510	dxy_w	0.0206084
y_num_ID=AL1G36920.v2.1_0	567	PUWS_4n	LE_2n	507	dxy_w	0.0205738
y_num_ID=AL1G36490.v2.1_0	3446	UKScandinavia_2n	.	3114	pi_w	0.00507386
y_num_ID=AL1G36490.v2.1_0	3446	PUWS_4n	.	3113	pi_w	0.00553245
y_num_ID=AL1G36490.v2.1_0	3446	CESiberia_2n	.	3114	pi_w	0.00549668
y_num_ID=AL1G36490.v2.1_0	3446	LE_2n	.	3114	pi_w	0.00571445
y_num_ID=AL1G36490.v2.1_0	3446	PUWS_4n	CESiberia_2n	3113	dxy_w	0.00644379
y_num_ID=AL1G36490.v2.1_0	3446	UKScandinavia_2n	CESiberia_2n	3114	dxy_w	0.00669958
y_num_ID=AL1G36490.v2.1_0	3446	UKScandinavia_2n	PUWS_4n	3113	dxy_w	0.00595926
y_num_ID=AL1G36490.v2.1_0	3446	LE_2n	CESiberia_2n	3114	dxy_w	0.00696282
y_num_ID=AL1G36490.v2.1_0	3446	UKScandinavia_2n	LE_2n	3114	dxy_w	0.00712784
y_num_ID=AL1G36490.v2.1_0	3446	PUWS_4n	LE_2n	3113	dxy_w	0.00675308
y_num_ID=AL1G36320.v2.1_0	4485	UKScandinavia_2n	.	4056	pi_w	0.00042735
y_num_ID=AL1G36320.v2.1_0	4485	PUWS_4n	.	4056	pi_w	0.00361886
y_num_ID=AL1G36320.v2.1_0	4485	CESiberia_2n	.	4056	pi_w	0.00102318
y_num_ID=AL1G36320.v2.1_0	4485	LE_2n	.	4055	pi_w	0.00168802
y_num_ID=AL1G36320.v2.1_0	4485	PUWS_4n	CESiberia_2n	4056	dxy_w	0.00260879
y_num_ID=AL1G36320.v2.1_0	4485	UKScandinavia_2n	CESiberia_2n	4056	dxy_w	0.00403107
y_num_ID=AL1G36320.v2.1_0	4485	UKScandinavia_2n	PUWS_4n	4056	dxy_w	0.00476719
y_num_ID=AL1G36320.v2.1_0	4485	LE_2n	CESiberia_2n	4055	dxy_w	0.00168456
y_num_ID=AL1G36320.v2.1_0	4485	UKScandinavia_2n	LE_2n	4055	dxy_w	0.00444187
y_num_ID=AL1G36320.v2.1_0	4485	PUWS_4n	LE_2n	4055	dxy_w	0.00296853
y_num_ID=AL1G37070.v2.1_0	573	UKScandinavia_2n	.	525	pi_w	0.00630688
y_num_ID=AL1G37070.v2.1_0	573	PUWS_4n	.	525	pi_w	0.00337617
y_num_ID=AL1G37070.v2.1_0	573	CESiberia_2n	.	525	pi_w	0.000714286
y_num_ID=AL1G37070.v2.1_0	573	LE_2n	.	525	pi_w	0.0023835
y_num_ID=AL1G37070.v2.1_0	573	PUWS_4n	CESiberia_2n	525	dxy_w	0.00261905
y_num_ID=AL1G37070.v2.1_0	573	UKScandinavia_2n	CESiberia_2n	525	dxy_w	0.00511905
y_num_ID=AL1G37070.v2.1_0	573	UKScandinavia_2n	PUWS_4n	525	dxy_w	0.00605442
y_num_ID=AL1G37070.v2.1_0	573	LE_2n	CESiberia_2n	525	dxy_w	0.00169468
y_num_ID=AL1G37070.v2.1_0	573	UKScandinavia_2n	LE_2n	525	dxy_w	0.00571429
y_num_ID=AL1G37070.v2.1_0	573	PUWS_4n	LE_2n	525	dxy_w	0.00321329
y_num_ID=AL1G12420.v2.1_0	119	UKScandinavia_2n	.	102	pi_w	0.0117647
y_num_ID=AL1G12420.v2.1_0	119	PUWS_4n	.	111	pi_w	0.00982401
y_num_ID=AL1G12420.v2.1_0	119	CESiberia_2n	.	74	pi_w	0.00960961
y_num_ID=AL1G12420.v2.1_0	119	LE_2n	.	23	pi_w	0
y_num_ID=AL1G12420.v2.1_0	119	PUWS_4n	CESiberia_2n	74	dxy_w	0.0148649
y_num_ID=AL1G12420.v2.1_0	119	UKScandinavia_2n	CESiberia_2n	74	dxy_w	0.0135135
y_num_ID=AL1G12420.v2.1_0	119	UKScandinavia_2n	PUWS_4n	102	dxy_w	0.025817
y_num_ID=AL1G12420.v2.1_0	119	LE_2n	CESiberia_2n	21	dxy_w	0.00952381
y_num_ID=AL1G12420.v2.1_0	119	UKScandinavia_2n	LE_2n	23	dxy_w	0
y_num_ID=AL1G12420.v2.1_0	119	PUWS_4n	LE_2n	23	dxy_w	0
y_num_ID=AL1G31860.v2.1_0	570	UKScandinavia_2n	.	515	pi_w	0.0111327
y_num_ID=AL1G31860.v2.1_0	570	PUWS_4n	.	510	pi_w	0.0174292
y_num_ID=AL1G31860.v2.1_0	570	CESiberia_2n	.	515	pi_w	0.0258576
y_num_ID=AL1G31860.v2.1_0	570	LE_2n	.	514	pi_w	0.0200101
y_num_ID=AL1G31860.v2.1_0	570	PUWS_4n	CESiberia_2n	510	dxy_w	0.0202556
y_num_ID=AL1G31860.v2.1_0	570	UKScandinavia_2n	CESiberia_2n	515	dxy_w	0.0268689
y_num_ID=AL1G31860.v2.1_0	570	UKScandinavia_2n	PUWS_4n	510	dxy_w	0.0219608
y_num_ID=AL1G31860.v2.1_0	570	LE_2n	CESiberia_2n	514	dxy_w	0.0224308
y_num_ID=AL1G31860.v2.1_0	570	UKScandinavia_2n	LE_2n	514	dxy_w	0.0243191
y_num_ID=AL1G31860.v2.1_0	570	PUWS_4n	LE_2n	510	dxy_w	0.0172516
y_num_ID=AL1G37030.v2.1_0	1114	UKScandinavia_2n	.	966	pi_w	0.00480791
y_num_ID=AL1G37030.v2.1_0	1114	PUWS_4n	.	966	pi_w	0.00905434
y_num_ID=AL1G37030.v2.1_0	1114	CESiberia_2n	.	942	pi_w	0.00774947
y_num_ID=AL1G37030.v2.1_0	1114	LE_2n	.	965	pi_w	0.00833692
y_num_ID=AL1G37030.v2.1_0	1114	PUWS_4n	CESiberia_2n	942	dxy_w	0.0103092
y_num_ID=AL1G37030.v2.1_0	1114	UKScandinavia_2n	CESiberia_2n	942	dxy_w	0.00895701
y_num_ID=AL1G37030.v2.1_0	1114	UKScandinavia_2n	PUWS_4n	966	dxy_w	0.0110372
y_num_ID=AL1G37030.v2.1_0	1114	LE_2n	CESiberia_2n	942	dxy_w	0.0104608
y_num_ID=AL1G37030.v2.1_0	1114	UKScandinavia_2n	LE_2n	965	dxy_w	0.0107618
y_num_ID=AL1G37030.v2.1_0	1114	PUWS_4n	LE_2n	965	dxy_w	0.00900491
y_num_ID=AL1G37040.v2.1_0	1029	UKScandinavia_2n	.	926	pi_w	0.00307175
y_num_ID=AL1G37040.v2.1_0	1029	PUWS_4n	.	926	pi_w	0.01545
y_num_ID=AL1G37040.v2.1_0	1029	CESiberia_2n	.	922	pi_w	0.00233864
y_num_ID=AL1G37040.v2.1_0	1029	LE_2n	.	926	pi_w	0.00698994
y_num_ID=AL1G37040.v2.1_0	1029	PUWS_4n	CESiberia_2n	922	dxy_w	0.0155717
y_num_ID=AL1G37040.v2.1_0	1029	UKScandinavia_2n	CESiberia_2n	922	dxy_w	0.0134645
y_num_ID=AL1G37040.v2.1_0	1029	UKScandinavia_2n	PUWS_4n	926	dxy_w	0.0158349
y_num_ID=AL1G37040.v2.1_0	1029	LE_2n	CESiberia_2n	922	dxy_w	0.024285
y_num_ID=AL1G37040.v2.1_0	1029	UKScandinavia_2n	LE_2n	926	dxy_w	0.0183068
y_num_ID=AL1G37040.v2.1_0	1029	PUWS_4n	LE_2n	926	dxy_w	0.0150807
y_num_ID=AL1G36650.v2.1_0	2298	UKScandinavia_2n	.	2094	pi_w	0.00627189
y_num_ID=AL1G36650.v2.1_0	2298	PUWS_4n	.	2094	pi_w	0.00400841
y_num_ID=AL1G36650.v2.1_0	2298	CESiberia_2n	.	2094	pi_w	0.00264645
y_num_ID=AL1G36650.v2.1_0	2298	LE_2n	.	2094	pi_w	0.00306827
y_num_ID=AL1G36650.v2.1_0	2298	PUWS_4n	CESiberia_2n	2094	dxy_w	0.00391922
y_num_ID=AL1G36650.v2.1_0	2298	UKScandinavia_2n	CESiberia_2n	2094	dxy_w	0.00677531
y_num_ID=AL1G36650.v2.1_0	2298	UKScandinavia_2n	PUWS_4n	2094	dxy_w	0.00737936
y_num_ID=AL1G36650.v2.1_0	2298	LE_2n	CESiberia_2n	2094	dxy_w	0.00321033
y_num_ID=AL1G36650.v2.1_0	2298	UKScandinavia_2n	LE_2n	2094	dxy_w	0.00651985
y_num_ID=AL1G36650.v2.1_0	2298	PUWS_4n	LE_2n	2094	dxy_w	0.00380218
y_num_ID=AL1G37080.v2.1_0	715	UKScandinavia_2n	.	588	pi_w	0.0193122
y_num_ID=AL1G37080.v2.1_0	715	PUWS_4n	.	630	pi_w	0.0261392
y_num_ID=AL1G37080.v2.1_0	715	CESiberia_2n	.	590	pi_w	0.0264617
y_num_ID=AL1G37080.v2.1_0	715	LE_2n	.	603	pi_w	0.029221
y_num_ID=AL1G37080.v2.1_0	715	PUWS_4n	CESiberia_2n	587	dxy_w	0.0255344
y_num_ID=AL1G37080.v2.1_0	715	UKScandinavia_2n	CESiberia_2n	582	dxy_w	0.0414161
y_num_ID=AL1G37080.v2.1_0	715	UKScandinavia_2n	PUWS_4n	584	dxy_w	0.0352658
y_num_ID=AL1G37080.v2.1_0	715	LE_2n	CESiberia_2n	589	dxy_w	0.0260029
y_num_ID=AL1G37080.v2.1_0	715	UKScandinavia_2n	LE_2n	587	dxy_w	0.0398602
y_num_ID=AL1G37080.v2.1_0	715	PUWS_4n	LE_2n	599	dxy_w	0.0268896
y_num_ID=AL1G37060.v2.1_0	1055	UKScandinavia_2n	.	885	pi_w	0.00659134
y_num_ID=AL1G37060.v2.1_0	1055	PUWS_4n	.	895	pi_w	0.0112857
y_num_ID=AL1G37060.v2.1_0	1055	CESiberia_2n	.	904	pi_w	0.0126513
y_num_ID=AL1G37060.v2.1_0	1055	LE_2n	.	900	pi_w	0.0107623
y_num_ID=AL1G37060.v2.1_0	1055	PUWS_4n	CESiberia_2n	895	dxy_w	0.0116445
y_num_ID=AL1G37060.v2.1_0	1055	UKScandinavia_2n	CESiberia_2n	884	dxy_w	0.0122307
y_num_ID=AL1G37060.v2.1_0	1055	UKScandinavia_2n	PUWS_4n	879	dxy_w	0.0107698
y_num_ID=AL1G37060.v2.1_0	1055	LE_2n	CESiberia_2n	900	dxy_w	0.0112218
y_num_ID=AL1G37060.v2.1_0	1055	UKScandinavia_2n	LE_2n	881	dxy_w	0.0100836
y_num_ID=AL1G37060.v2.1_0	1055	PUWS_4n	LE_2n	894	dxy_w	0.0105482
y_num_ID=AL1G36840.v2.1_0	2201	UKScandinavia_2n	.	1975	pi_w	0.00708861
y_num_ID=AL1G36840.v2.1_0	2201	PUWS_4n	.	1973	pi_w	0.00772768
y_num_ID=AL1G36840.v2.1_0	2201	CESiberia_2n	.	1973	pi_w	0.00457826
y_num_ID=AL1G36840.v2.1_0	2201	LE_2n	.	1975	pi_w	0.00684755
y_num_ID=AL1G36840.v2.1_0	2201	PUWS_4n	CESiberia_2n	1972	dxy_w	0.00664511
y_num_ID=AL1G36840.v2.1_0	2201	UKScandinavia_2n	CESiberia_2n	1973	dxy_w	0.0159004
y_num_ID=AL1G36840.v2.1_0	2201	UKScandinavia_2n	PUWS_4n	1973	dxy_w	0.0140999
y_num_ID=AL1G36840.v2.1_0	2201	LE_2n	CESiberia_2n	1973	dxy_w	0.00624234
y_num_ID=AL1G36840.v2.1_0	2201	UKScandinavia_2n	LE_2n	1975	dxy_w	0.0146602
y_num_ID=AL1G36840.v2.1_0	2201	PUWS_4n	LE_2n	1973	dxy_w	0.00718169
y_num_ID=AL1G36990.v2.1_0	1867	UKScandinavia_2n	.	1131	pi_w	0.00842491
y_num_ID=AL1G36990.v2.1_0	1867	PUWS_4n	.	1537	pi_w	0.00344828
y_num_ID=AL1G36990.v2.1_0	1867	CESiberia_2n	.	927	pi_w	0.000988853
y_num_ID=AL1G36990.v2.1_0	1867	LE_2n	.	982	pi_w	0.00403547
y_num_ID=AL1G36990.v2.1_0	1867	PUWS_4n	CESiberia_2n	871	dxy_w	0.00500442
y_num_ID=AL1G36990.v2.1_0	1867	UKScandinavia_2n	CESiberia_2n	926	dxy_w	0.0087833
y_num_ID=AL1G36990.v2.1_0	1867	UKScandinavia_2n	PUWS_4n	1043	dxy_w	0.00556488
y_num_ID=AL1G36990.v2.1_0	1867	LE_2n	CESiberia_2n	927	dxy_w	0.0030265
y_num_ID=AL1G36990.v2.1_0	1867	UKScandinavia_2n	LE_2n	970	dxy_w	0.00965265
y_num_ID=AL1G36990.v2.1_0	1867	PUWS_4n	LE_2n	925	dxy_w	0.00571342
y_num_ID=AL1G37130.v2.1_0	528	UKScandinavia_2n	.	476	pi_w	0.00774977
y_num_ID=AL1G37130.v2.1_0	528	PUWS_4n	.	476	pi_w	0.00515352
y_num_ID=AL1G37130.v2.1_0	528	CESiberia_2n	.	472	pi_w	0.00391949
y_num_ID=AL1G37130.v2.1_0	528	LE_2n	.	472	pi_w	0.0048642
y_num_ID=AL1G37130.v2.1_0	528	PUWS_4n	CESiberia_2n	472	dxy_w	0.0043697
y_num_ID=AL1G37130.v2.1_0	528	UKScandinavia_2n	CESiberia_2n	472	dxy_w	0.0105932
y_num_ID=AL1G37130.v2.1_0	528	UKScandinavia_2n	PUWS_4n	476	dxy_w	0.010084
y_num_ID=AL1G37130.v2.1_0	528	LE_2n	CESiberia_2n	472	dxy_w	0.004876
y_num_ID=AL1G37130.v2.1_0	528	UKScandinavia_2n	LE_2n	472	dxy_w	0.0113285
y_num_ID=AL1G37130.v2.1_0	528	PUWS_4n	LE_2n	472	dxy_w	0.00566159
y_num_ID=AL1G36660.v2.1_0	2707	UKScandinavia_2n	.	2453	pi_w	0.00310731
y_num_ID=AL1G36660.v2.1_0	2707	PUWS_4n	.	2453	pi_w	0.00409174
y_num_ID=AL1G36660.v2.1_0	2707	CESiberia_2n	.	2439	pi_w	0.00254886
y_num_ID=AL1G36660.v2.1_0	2707	LE_2n	.	2353	pi_w	0.00292103
y_num_ID=AL1G36660.v2.1_0	2707	PUWS_4n	CESiberia_2n	2439	dxy_w	0.00426477
y_num_ID=AL1G36660.v2.1_0	2707	UKScandinavia_2n	CESiberia_2n	2439	dxy_w	0.00622181
y_num_ID=AL1G36660.v2.1_0	2707	UKScandinavia_2n	PUWS_4n	2453	dxy_w	0.00535496
y_num_ID=AL1G36660.v2.1_0	2707	LE_2n	CESiberia_2n	2353	dxy_w	0.00367746
y_num_ID=AL1G36660.v2.1_0	2707	UKScandinavia_2n	LE_2n	2353	dxy_w	0.00689511
y_num_ID=AL1G36660.v2.1_0	2707	PUWS_4n	LE_2n	2353	dxy_w	0.00479685
y_num_ID=AL1G36870.v2.1_0	1709	UKScandinavia_2n	.	1511	pi_w	0.00714758
y_num_ID=AL1G36870.v2.1_0	1709	PUWS_4n	.	1511	pi_w	0.0105121
y_num_ID=AL1G36870.v2.1_0	1709	CESiberia_2n	.	1503	pi_w	0.00655356
y_num_ID=AL1G36870.v2.1_0	1709	LE_2n	.	1496	pi_w	0.00812467
y_num_ID=AL1G36870.v2.1_0	1709	PUWS_4n	CESiberia_2n	1503	dxy_w	0.0098543
y_num_ID=AL1G36870.v2.1_0	1709	UKScandinavia_2n	CESiberia_2n	1503	dxy_w	0.0141717
y_num_ID=AL1G36870.v2.1_0	1709	UKScandinavia_2n	PUWS_4n	1511	dxy_w	0.0147104
y_num_ID=AL1G36870.v2.1_0	1709	LE_2n	CESiberia_2n	1496	dxy_w	0.010108
y_num_ID=AL1G36870.v2.1_0	1709	UKScandinavia_2n	LE_2n	1496	dxy_w	0.0116617
y_num_ID=AL1G36870.v2.1_0	1709	PUWS_4n	LE_2n	1496	dxy_w	0.0123713
y_num_ID=AL1G37150.v2.1_0	572	UKScandinavia_2n	.	538	pi_w	0.0131764
y_num_ID=AL1G37150.v2.1_0	572	PUWS_4n	.	536	pi_w	0.014876
y_num_ID=AL1G37150.v2.1_0	572	CESiberia_2n	.	538	pi_w	0.0166822
y_num_ID=AL1G37150.v2.1_0	572	LE_2n	.	538	pi_w	0.0077591
y_num_ID=AL1G37150.v2.1_0	572	PUWS_4n	CESiberia_2n	536	dxy_w	0.0170909
y_num_ID=AL1G37150.v2.1_0	572	UKScandinavia_2n	CESiberia_2n	538	dxy_w	0.0189359
y_num_ID=AL1G37150.v2.1_0	572	UKScandinavia_2n	PUWS_4n	536	dxy_w	0.0182836
y_num_ID=AL1G37150.v2.1_0	572	LE_2n	CESiberia_2n	538	dxy_w	0.015218
y_num_ID=AL1G37150.v2.1_0	572	UKScandinavia_2n	LE_2n	538	dxy_w	0.0174503
y_num_ID=AL1G37150.v2.1_0	572	PUWS_4n	LE_2n	536	dxy_w	0.0121977
y_num_ID=AL1G37010.v2.1_0	1671	UKScandinavia_2n	.	1472	pi_w	0.0242053
y_num_ID=AL1G37010.v2.1_0	1671	PUWS_4n	.	1458	pi_w	0.0157235
y_num_ID=AL1G37010.v2.1_0	1671	CESiberia_2n	.	1475	pi_w	0.0151751
y_num_ID=AL1G37010.v2.1_0	1671	LE_2n	.	1480	pi_w	0.0296247
y_num_ID=AL1G37010.v2.1_0	1671	PUWS_4n	CESiberia_2n	1458	dxy_w	0.0221453
y_num_ID=AL1G37010.v2.1_0	1671	UKScandinavia_2n	CESiberia_2n	1469	dxy_w	0.0223451
y_num_ID=AL1G37010.v2.1_0	1671	UKScandinavia_2n	PUWS_4n	1455	dxy_w	0.0232951
y_num_ID=AL1G37010.v2.1_0	1671	LE_2n	CESiberia_2n	1469	dxy_w	0.0291138
y_num_ID=AL1G37010.v2.1_0	1671	UKScandinavia_2n	LE_2n	1469	dxy_w	0.0342642
y_num_ID=AL1G37010.v2.1_0	1671	PUWS_4n	LE_2n	1455	dxy_w	0.0318333
y_num_ID=AL1G36850.v2.1_0	2605	UKScandinavia_2n	.	2356	pi_w	0.00475382
y_num_ID=AL1G36850.v2.1_0	2605	PUWS_4n	.	2357	pi_w	0.0155172
y_num_ID=AL1G36850.v2.1_0	2605	CESiberia_2n	.	2356	pi_w	0.00932018
y_num_ID=AL1G36850.v2.1_0	2605	LE_2n	.	2357	pi_w	0.0109182
y_num_ID=AL1G36850.v2.1_0	2605	PUWS_4n	CESiberia_2n	2356	dxy_w	0.0132621
y_num_ID=AL1G36850.v2.1_0	2605	UKScandinavia_2n	CESiberia_2n	2355	dxy_w	0.023121
y_num_ID=AL1G36850.v2.1_0	2605	UKScandinavia_2n	PUWS_4n	2356	dxy_w	0.0200158
y_num_ID=AL1G36850.v2.1_0	2605	LE_2n	CESiberia_2n	2356	dxy_w	0.010889
y_num_ID=AL1G36850.v2.1_0	2605	UKScandinavia_2n	LE_2n	2356	dxy_w	0.0195017
y_num_ID=AL1G36850.v2.1_0	2605	PUWS_4n	LE_2n	2357	dxy_w	0.0138637
y_num_ID=AL1G37200.v2.1_0	479	UKScandinavia_2n	.	436	pi_w	0.00810398
y_num_ID=AL1G37200.v2.1_0	479	PUWS_4n	.	435	pi_w	0.0107069
y_num_ID=AL1G37200.v2.1_0	479	CESiberia_2n	.	436	pi_w	0.00699562
y_num_ID=AL1G37200.v2.1_0	479	LE_2n	.	436	pi_w	0.00879818
y_num_ID=AL1G37200.v2.1_0	479	PUWS_4n	CESiberia_2n	435	dxy_w	0.00885478
y_num_ID=AL1G37200.v2.1_0	479	UKScandinavia_2n	CESiberia_2n	436	dxy_w	0.0132905
y_num_ID=AL1G37200.v2.1_0	479	UKScandinavia_2n	PUWS_4n	435	dxy_w	0.0142556
y_num_ID=AL1G37200.v2.1_0	479	LE_2n	CESiberia_2n	436	dxy_w	0.00853707
y_num_ID=AL1G37200.v2.1_0	479	UKScandinavia_2n	LE_2n	436	dxy_w	0.0119806
y_num_ID=AL1G37200.v2.1_0	479	PUWS_4n	LE_2n	435	dxy_w	0.0109686
y_num_ID=AL1G37120.v2.1_0	1684	UKScandinavia_2n	.	1509	pi_w	0.00980782
y_num_ID=AL1G37120.v2.1_0	1684	PUWS_4n	.	1508	pi_w	0.00532083
y_num_ID=AL1G37120.v2.1_0	1684	CESiberia_2n	.	1509	pi_w	0.0022918
y_num_ID=AL1G37120.v2.1_0	1684	LE_2n	.	1508	pi_w	0.00386803
y_num_ID=AL1G37120.v2.1_0	1684	PUWS_4n	CESiberia_2n	1508	dxy_w	0.00504452
y_num_ID=AL1G37120.v2.1_0	1684	UKScandinavia_2n	CESiberia_2n	1509	dxy_w	0.0156146
y_num_ID=AL1G37120.v2.1_0	1684	UKScandinavia_2n	PUWS_4n	1508	dxy_w	0.0153183
y_num_ID=AL1G37120.v2.1_0	1684	LE_2n	CESiberia_2n	1508	dxy_w	0.00332693
y_num_ID=AL1G37120.v2.1_0	1684	UKScandinavia_2n	LE_2n	1508	dxy_w	0.01524
y_num_ID=AL1G37120.v2.1_0	1684	PUWS_4n	LE_2n	1507	dxy_w	0.00514058
y_num_ID=AL1G36860.v2.1_0	3011	UKScandinavia_2n	.	2705	pi_w	0.0115794
y_num_ID=AL1G36860.v2.1_0	3011	PUWS_4n	.	2702	pi_w	0.00849165
y_num_ID=AL1G36860.v2.1_0	3011	CESiberia_2n	.	2705	pi_w	0.0039464
y_num_ID=AL1G36860.v2.1_0	3011	LE_2n	.	2705	pi_w	0.00130609
y_num_ID=AL1G36860.v2.1_0	3011	PUWS_4n	CESiberia_2n	2702	dxy_w	0.00653121
y_num_ID=AL1G36860.v2.1_0	3011	UKScandinavia_2n	CESiberia_2n	2705	dxy_w	0.00991335
y_num_ID=AL1G36860.v2.1_0	3011	UKScandinavia_2n	PUWS_4n	2702	dxy_w	0.01075
y_num_ID=AL1G36860.v2.1_0	3011	LE_2n	CESiberia_2n	2705	dxy_w	0.00327349
y_num_ID=AL1G36860.v2.1_0	3011	UKScandinavia_2n	LE_2n	2705	dxy_w	0.00904425
y_num_ID=AL1G36860.v2.1_0	3011	PUWS_4n	LE_2n	2702	dxy_w	0.00558099
y_num_ID=AL1G37180.v2.1_0	738	UKScandinavia_2n	.	650	pi_w	0.0144274
y_num_ID=AL1G37180.v2.1_0	738	PUWS_4n	.	650	pi_w	0.0133012
y_num_ID=AL1G37180.v2.1_0	738	CESiberia_2n	.	650	pi_w	0.00903846
y_num_ID=AL1G37180.v2.1_0	738	LE_2n	.	650	pi_w	0.011527
y_num_ID=AL1G37180.v2.1_0	738	PUWS_4n	CESiberia_2n	650	dxy_w	0.0124279
y_num_ID=AL1G37180.v2.1_0	738	UKScandinavia_2n	CESiberia_2n	650	dxy_w	0.0215673
y_num_ID=AL1G37180.v2.1_0	738	UKScandinavia_2n	PUWS_4n	650	dxy_w	0.0220128
y_num_ID=AL1G37180.v2.1_0	738	LE_2n	CESiberia_2n	650	dxy_w	0.0123117
y_num_ID=AL1G37180.v2.1_0	738	UKScandinavia_2n	LE_2n	650	dxy_w	0.0238676
y_num_ID=AL1G37180.v2.1_0	738	PUWS_4n	LE_2n	650	dxy_w	0.0151155
y_num_ID=AL1G37110.v2.1_0	1512	UKScandinavia_2n	.	1361	pi_w	0.00303698
y_num_ID=AL1G37110.v2.1_0	1512	PUWS_4n	.	1362	pi_w	0.00368467
y_num_ID=AL1G37110.v2.1_0	1512	CESiberia_2n	.	1362	pi_w	0.00345081
y_num_ID=AL1G37110.v2.1_0	1512	LE_2n	.	1362	pi_w	0.00292729
y_num_ID=AL1G37110.v2.1_0	1512	PUWS_4n	CESiberia_2n	1362	dxy_w	0.00392018
y_num_ID=AL1G37110.v2.1_0	1512	UKScandinavia_2n	CESiberia_2n	1361	dxy_w	0.0184331
y_num_ID=AL1G37110.v2.1_0	1512	UKScandinavia_2n	PUWS_4n	1361	dxy_w	0.0177286
y_num_ID=AL1G37110.v2.1_0	1512	LE_2n	CESiberia_2n	1362	dxy_w	0.00383168
y_num_ID=AL1G37110.v2.1_0	1512	UKScandinavia_2n	LE_2n	1361	dxy_w	0.0190628
y_num_ID=AL1G37110.v2.1_0	1512	PUWS_4n	LE_2n	1362	dxy_w	0.00428864
y_num_ID=AL1G37290.v2.1_0	620	UKScandinavia_2n	.	563	pi_w	0.00678903
y_num_ID=AL1G37290.v2.1_0	620	PUWS_4n	.	563	pi_w	0.00772036
y_num_ID=AL1G37290.v2.1_0	620	CESiberia_2n	.	563	pi_w	0.00386323
y_num_ID=AL1G37290.v2.1_0	620	LE_2n	.	562	pi_w	0.00571869
y_num_ID=AL1G37290.v2.1_0	620	PUWS_4n	CESiberia_2n	563	dxy_w	0.00682726
y_num_ID=AL1G37290.v2.1_0	620	UKScandinavia_2n	CESiberia_2n	563	dxy_w	0.0102798
y_num_ID=AL1G37290.v2.1_0	620	UKScandinavia_2n	PUWS_4n	563	dxy_w	0.0102766
y_num_ID=AL1G37290.v2.1_0	620	LE_2n	CESiberia_2n	562	dxy_w	0.00599225
y_num_ID=AL1G37290.v2.1_0	620	UKScandinavia_2n	LE_2n	562	dxy_w	0.00984928
y_num_ID=AL1G37290.v2.1_0	620	PUWS_4n	LE_2n	562	dxy_w	0.00717725
y_num_ID=AL1G37160.v2.1_0	1108	UKScandinavia_2n	.	979	pi_w	0.0148905
y_num_ID=AL1G37160.v2.1_0	1108	PUWS_4n	.	979	pi_w	0.0137389
y_num_ID=AL1G37160.v2.1_0	1108	CESiberia_2n	.	980	pi_w	0.0132228
y_num_ID=AL1G37160.v2.1_0	1108	LE_2n	.	978	pi_w	0.0143095
y_num_ID=AL1G37160.v2.1_0	1108	PUWS_4n	CESiberia_2n	979	dxy_w	0.0146621
y_num_ID=AL1G37160.v2.1_0	1108	UKScandinavia_2n	CESiberia_2n	979	dxy_w	0.0180414
y_num_ID=AL1G37160.v2.1_0	1108	UKScandinavia_2n	PUWS_4n	978	dxy_w	0.0193519
y_num_ID=AL1G37160.v2.1_0	1108	LE_2n	CESiberia_2n	978	dxy_w	0.0143751
y_num_ID=AL1G37160.v2.1_0	1108	UKScandinavia_2n	LE_2n	977	dxy_w	0.0186164
y_num_ID=AL1G37160.v2.1_0	1108	PUWS_4n	LE_2n	977	dxy_w	0.0147661
y_num_ID=AL3G50790.v2.1_0	76	UKScandinavia_2n	.	42	pi_w	0
y_num_ID=AL3G50790.v2.1_0	76	LE_2n	.	60	pi_w	0.002886
y_num_ID=AL3G50790.v2.1_0	76	UKScandinavia_2n	LE_2n	42	dxy_w	0.0021645
y_num_ID=AL1G37100.v2.1_0	1895	UKScandinavia_2n	.	1693	pi_w	0.00454158
y_num_ID=AL1G37100.v2.1_0	1895	PUWS_4n	.	1693	pi_w	0.00807256
y_num_ID=AL1G37100.v2.1_0	1895	CESiberia_2n	.	1693	pi_w	0.00306163
y_num_ID=AL1G37100.v2.1_0	1895	LE_2n	.	1693	pi_w	0.00425385
y_num_ID=AL1G37100.v2.1_0	1895	PUWS_4n	CESiberia_2n	1693	dxy_w	0.00672236
y_num_ID=AL1G37100.v2.1_0	1895	UKScandinavia_2n	CESiberia_2n	1693	dxy_w	0.0242764
y_num_ID=AL1G37100.v2.1_0	1895	UKScandinavia_2n	PUWS_4n	1693	dxy_w	0.0247201
y_num_ID=AL1G37100.v2.1_0	1895	LE_2n	CESiberia_2n	1693	dxy_w	0.00618816
y_num_ID=AL1G37100.v2.1_0	1895	UKScandinavia_2n	LE_2n	1693	dxy_w	0.0266135
y_num_ID=AL1G37100.v2.1_0	1895	PUWS_4n	LE_2n	1693	dxy_w	0.00840896
y_num_ID=AL1G37270.v2.1_0	901	UKScandinavia_2n	.	796	pi_w	0.0116166
y_num_ID=AL1G37270.v2.1_0	901	PUWS_4n	.	811	pi_w	0.00512138
y_num_ID=AL1G37270.v2.1_0	901	CESiberia_2n	.	811	pi_w	0.00354501
y_num_ID=AL1G37270.v2.1_0	901	LE_2n	.	806	pi_w	0.00471681
y_num_ID=AL1G37270.v2.1_0	901	PUWS_4n	CESiberia_2n	811	dxy_w	0.00462943
y_num_ID=AL1G37270.v2.1_0	901	UKScandinavia_2n	CESiberia_2n	796	dxy_w	0.0250785
y_num_ID=AL1G37270.v2.1_0	901	UKScandinavia_2n	PUWS_4n	796	dxy_w	0.0242507
y_num_ID=AL1G37270.v2.1_0	901	LE_2n	CESiberia_2n	806	dxy_w	0.00426306
y_num_ID=AL1G37270.v2.1_0	901	UKScandinavia_2n	LE_2n	791	dxy_w	0.0251083
y_num_ID=AL1G37270.v2.1_0	901	PUWS_4n	LE_2n	806	dxy_w	0.00498591
y_num_ID=AL1G37210.v2.1_0	1256	UKScandinavia_2n	.	1075	pi_w	0.00200517
y_num_ID=AL1G37210.v2.1_0	1256	PUWS_4n	.	1076	pi_w	0.00450916
y_num_ID=AL1G37210.v2.1_0	1256	CESiberia_2n	.	1076	pi_w	0.00329926
y_num_ID=AL1G37210.v2.1_0	1256	LE_2n	.	1075	pi_w	0.00242093
y_num_ID=AL1G37210.v2.1_0	1256	PUWS_4n	CESiberia_2n	1076	dxy_w	0.00450578
y_num_ID=AL1G37210.v2.1_0	1256	UKScandinavia_2n	CESiberia_2n	1075	dxy_w	0.00360465
y_num_ID=AL1G37210.v2.1_0	1256	UKScandinavia_2n	PUWS_4n	1075	dxy_w	0.00431894
y_num_ID=AL1G37210.v2.1_0	1256	LE_2n	CESiberia_2n	1075	dxy_w	0.00329685
y_num_ID=AL1G37210.v2.1_0	1256	UKScandinavia_2n	LE_2n	1074	dxy_w	0.0035327
y_num_ID=AL1G37210.v2.1_0	1256	PUWS_4n	LE_2n	1075	dxy_w	0.00385284
y_num_ID=AL1G37310.v2.1_0	1123	UKScandinavia_2n	.	993	pi_w	0.00787736
y_num_ID=AL1G37310.v2.1_0	1123	PUWS_4n	.	993	pi_w	0.0102543
y_num_ID=AL1G37310.v2.1_0	1123	CESiberia_2n	.	990	pi_w	0.0115152
y_num_ID=AL1G37310.v2.1_0	1123	LE_2n	.	992	pi_w	0.0103807
y_num_ID=AL1G37310.v2.1_0	1123	PUWS_4n	CESiberia_2n	990	dxy_w	0.0109127
y_num_ID=AL1G37310.v2.1_0	1123	UKScandinavia_2n	CESiberia_2n	990	dxy_w	0.0137374
y_num_ID=AL1G37310.v2.1_0	1123	UKScandinavia_2n	PUWS_4n	993	dxy_w	0.0127608
y_num_ID=AL1G37310.v2.1_0	1123	LE_2n	CESiberia_2n	990	dxy_w	0.0118186
y_num_ID=AL1G37310.v2.1_0	1123	UKScandinavia_2n	LE_2n	992	dxy_w	0.013342
y_num_ID=AL1G37310.v2.1_0	1123	PUWS_4n	LE_2n	992	dxy_w	0.0110072
y_num_ID=AL1G37140.v2.1_0	1695	UKScandinavia_2n	.	1531	pi_w	0.0168263
y_num_ID=AL1G37140.v2.1_0	1695	PUWS_4n	.	1531	pi_w	0.0135584
y_num_ID=AL1G37140.v2.1_0	1695	CESiberia_2n	.	1529	pi_w	0.00743058
y_num_ID=AL1G37140.v2.1_0	1695	LE_2n	.	1527	pi_w	0.0141781
y_num_ID=AL1G37140.v2.1_0	1695	PUWS_4n	CESiberia_2n	1528	dxy_w	0.0117226
y_num_ID=AL1G37140.v2.1_0	1695	UKScandinavia_2n	CESiberia_2n	1529	dxy_w	0.0165658
y_num_ID=AL1G37140.v2.1_0	1695	UKScandinavia_2n	PUWS_4n	1530	dxy_w	0.0179159
y_num_ID=AL1G37140.v2.1_0	1695	LE_2n	CESiberia_2n	1527	dxy_w	0.0119912
y_num_ID=AL1G37140.v2.1_0	1695	UKScandinavia_2n	LE_2n	1527	dxy_w	0.0179697
y_num_ID=AL1G37140.v2.1_0	1695	PUWS_4n	LE_2n	1527	dxy_w	0.014254
y_num_ID=AL1G37340.v2.1_0	883	UKScandinavia_2n	.	783	pi_w	0.0147581
y_num_ID=AL1G37340.v2.1_0	883	PUWS_4n	.	780	pi_w	0.010744
y_num_ID=AL1G37340.v2.1_0	883	CESiberia_2n	.	784	pi_w	0.0116206
y_num_ID=AL1G37340.v2.1_0	883	LE_2n	.	783	pi_w	0.0124795
y_num_ID=AL1G37340.v2.1_0	883	PUWS_4n	CESiberia_2n	780	dxy_w	0.0128618
y_num_ID=AL1G37340.v2.1_0	883	UKScandinavia_2n	CESiberia_2n	783	dxy_w	0.0229725
y_num_ID=AL1G37340.v2.1_0	883	UKScandinavia_2n	PUWS_4n	779	dxy_w	0.0207088
y_num_ID=AL1G37340.v2.1_0	883	LE_2n	CESiberia_2n	783	dxy_w	0.0127337
y_num_ID=AL1G37340.v2.1_0	883	UKScandinavia_2n	LE_2n	782	dxy_w	0.0238726
y_num_ID=AL1G37340.v2.1_0	883	PUWS_4n	LE_2n	779	dxy_w	0.0134292
y_num_ID=AL1G37190.v2.1_0	1928	UKScandinavia_2n	.	1746	pi_w	0.0114675
y_num_ID=AL1G37190.v2.1_0	1928	PUWS_4n	.	1746	pi_w	0.0123688
y_num_ID=AL1G37190.v2.1_0	1928	CESiberia_2n	.	1746	pi_w	0.00871993
y_num_ID=AL1G37190.v2.1_0	1928	LE_2n	.	1746	pi_w	0.0080503
y_num_ID=AL1G37190.v2.1_0	1928	PUWS_4n	CESiberia_2n	1746	dxy_w	0.0122363
y_num_ID=AL1G37190.v2.1_0	1928	UKScandinavia_2n	CESiberia_2n	1746	dxy_w	0.0137529
y_num_ID=AL1G37190.v2.1_0	1928	UKScandinavia_2n	PUWS_4n	1746	dxy_w	0.0139141
y_num_ID=AL1G37190.v2.1_0	1928	LE_2n	CESiberia_2n	1746	dxy_w	0.00897495
y_num_ID=AL1G37190.v2.1_0	1928	UKScandinavia_2n	LE_2n	1746	dxy_w	0.0124865
y_num_ID=AL1G37190.v2.1_0	1928	PUWS_4n	LE_2n	1746	dxy_w	0.0112164
y_num_ID=AL1G37390.v2.1_0	347	UKScandinavia_2n	.	304	pi_w	0.0195175
y_num_ID=AL1G37390.v2.1_0	347	PUWS_4n	.	304	pi_w	0.0130794
y_num_ID=AL1G37390.v2.1_0	347	CESiberia_2n	.	299	pi_w	0.0107302
y_num_ID=AL1G37390.v2.1_0	347	LE_2n	.	301	pi_w	0.0119973
y_num_ID=AL1G37390.v2.1_0	347	PUWS_4n	CESiberia_2n	299	dxy_w	0.0100484
y_num_ID=AL1G37390.v2.1_0	347	UKScandinavia_2n	CESiberia_2n	299	dxy_w	0.0164298
y_num_ID=AL1G37390.v2.1_0	347	UKScandinavia_2n	PUWS_4n	303	dxy_w	0.0173385
y_num_ID=AL1G37390.v2.1_0	347	LE_2n	CESiberia_2n	299	dxy_w	0.011177
y_num_ID=AL1G37390.v2.1_0	347	UKScandinavia_2n	LE_2n	301	dxy_w	0.0172236
y_num_ID=AL1G37390.v2.1_0	347	PUWS_4n	LE_2n	301	dxy_w	0.0127713
y_num_ID=AL1G37350.v2.1_0	899	UKScandinavia_2n	.	826	pi_w	0.00745225
y_num_ID=AL1G37350.v2.1_0	899	PUWS_4n	.	826	pi_w	0.0111649
y_num_ID=AL1G37350.v2.1_0	899	CESiberia_2n	.	826	pi_w	0.00821227
y_num_ID=AL1G37350.v2.1_0	899	LE_2n	.	826	pi_w	0.00708912
y_num_ID=AL1G37350.v2.1_0	899	PUWS_4n	CESiberia_2n	826	dxy_w	0.0137225
y_num_ID=AL1G37350.v2.1_0	899	UKScandinavia_2n	CESiberia_2n	826	dxy_w	0.0145278
y_num_ID=AL1G37350.v2.1_0	899	UKScandinavia_2n	PUWS_4n	826	dxy_w	0.0118817
y_num_ID=AL1G37350.v2.1_0	899	LE_2n	CESiberia_2n	826	dxy_w	0.0133439
y_num_ID=AL1G37350.v2.1_0	899	UKScandinavia_2n	LE_2n	826	dxy_w	0.00958553
y_num_ID=AL1G37350.v2.1_0	899	PUWS_4n	LE_2n	826	dxy_w	0.0107662
y_num_ID=AL1G37370.v2.1_0	772	UKScandinavia_2n	.	458	pi_w	0.0107715
y_num_ID=AL1G37370.v2.1_0	772	PUWS_4n	.	670	pi_w	0.0159574
y_num_ID=AL1G37370.v2.1_0	772	CESiberia_2n	.	670	pi_w	0.0136865
y_num_ID=AL1G37370.v2.1_0	772	LE_2n	.	670	pi_w	0.0094953
y_num_ID=AL1G37370.v2.1_0	772	PUWS_4n	CESiberia_2n	670	dxy_w	0.0165658
y_num_ID=AL1G37370.v2.1_0	772	UKScandinavia_2n	CESiberia_2n	457	dxy_w	0.0255549
y_num_ID=AL1G37370.v2.1_0	772	UKScandinavia_2n	PUWS_4n	457	dxy_w	0.0230749
y_num_ID=AL1G37370.v2.1_0	772	LE_2n	CESiberia_2n	669	dxy_w	0.0122015
y_num_ID=AL1G37370.v2.1_0	772	UKScandinavia_2n	LE_2n	457	dxy_w	0.0262711
y_num_ID=AL1G37370.v2.1_0	772	PUWS_4n	LE_2n	669	dxy_w	0.0156884
y_num_ID=AL1G37230.v2.1_0	1649	UKScandinavia_2n	.	1501	pi_w	0.00681027
y_num_ID=AL1G37230.v2.1_0	1649	PUWS_4n	.	1501	pi_w	0.00806605
y_num_ID=AL1G37230.v2.1_0	1649	CESiberia_2n	.	1503	pi_w	0.00907075
y_num_ID=AL1G37230.v2.1_0	1649	LE_2n	.	1501	pi_w	0.00819812
y_num_ID=AL1G37230.v2.1_0	1649	PUWS_4n	CESiberia_2n	1501	dxy_w	0.00896674
y_num_ID=AL1G37230.v2.1_0	1649	UKScandinavia_2n	CESiberia_2n	1501	dxy_w	0.00916889
y_num_ID=AL1G37230.v2.1_0	1649	UKScandinavia_2n	PUWS_4n	1499	dxy_w	0.00865736
y_num_ID=AL1G37230.v2.1_0	1649	LE_2n	CESiberia_2n	1501	dxy_w	0.0101803
y_num_ID=AL1G37230.v2.1_0	1649	UKScandinavia_2n	LE_2n	1500	dxy_w	0.0105097
y_num_ID=AL1G37230.v2.1_0	1649	PUWS_4n	LE_2n	1500	dxy_w	0.00925177
y_num_ID=AL1G37260.v2.1_0	1443	UKScandinavia_2n	.	1314	pi_w	0.00400812
y_num_ID=AL1G37260.v2.1_0	1443	PUWS_4n	.	1314	pi_w	0.0077796
y_num_ID=AL1G37260.v2.1_0	1443	CESiberia_2n	.	1314	pi_w	0.00399543
y_num_ID=AL1G37260.v2.1_0	1443	LE_2n	.	1314	pi_w	0.00536387
y_num_ID=AL1G37260.v2.1_0	1443	PUWS_4n	CESiberia_2n	1314	dxy_w	0.00676778
y_num_ID=AL1G37260.v2.1_0	1443	UKScandinavia_2n	CESiberia_2n	1314	dxy_w	0.00693493
y_num_ID=AL1G37260.v2.1_0	1443	UKScandinavia_2n	PUWS_4n	1314	dxy_w	0.00836504
y_num_ID=AL1G37260.v2.1_0	1443	LE_2n	CESiberia_2n	1314	dxy_w	0.00614983
y_num_ID=AL1G37260.v2.1_0	1443	UKScandinavia_2n	LE_2n	1314	dxy_w	0.00893097
y_num_ID=AL1G37260.v2.1_0	1443	PUWS_4n	LE_2n	1314	dxy_w	0.00800126
y_num_ID=AL1G37380.v2.1_0	984	UKScandinavia_2n	.	884	pi_w	0.00135747
y_num_ID=AL1G37380.v2.1_0	984	PUWS_4n	.	881	pi_w	0.00820061
y_num_ID=AL1G37380.v2.1_0	984	CESiberia_2n	.	881	pi_w	0.00960707
y_num_ID=AL1G37380.v2.1_0	984	LE_2n	.	881	pi_w	0.00695859
y_num_ID=AL1G37380.v2.1_0	984	PUWS_4n	CESiberia_2n	879	dxy_w	0.00940806
y_num_ID=AL1G37380.v2.1_0	984	UKScandinavia_2n	CESiberia_2n	880	dxy_w	0.0114265
y_num_ID=AL1G37380.v2.1_0	984	UKScandinavia_2n	PUWS_4n	881	dxy_w	0.014233
y_num_ID=AL1G37380.v2.1_0	984	LE_2n	CESiberia_2n	879	dxy_w	0.00769999
y_num_ID=AL1G37380.v2.1_0	984	UKScandinavia_2n	LE_2n	880	dxy_w	0.0105773
y_num_ID=AL1G37380.v2.1_0	984	PUWS_4n	LE_2n	879	dxy_w	0.0077954
y_num_ID=AL1G37320.v2.1_0	1348	UKScandinavia_2n	.	1219	pi_w	0.00814876
y_num_ID=AL1G37320.v2.1_0	1348	PUWS_4n	.	1219	pi_w	0.0145188
y_num_ID=AL1G37320.v2.1_0	1348	CESiberia_2n	.	1219	pi_w	0.00412907
y_num_ID=AL1G37320.v2.1_0	1348	LE_2n	.	1218	pi_w	0.0118104
y_num_ID=AL1G37320.v2.1_0	1348	PUWS_4n	CESiberia_2n	1219	dxy_w	0.0143103
y_num_ID=AL1G37320.v2.1_0	1348	UKScandinavia_2n	CESiberia_2n	1219	dxy_w	0.0194678
y_num_ID=AL1G37320.v2.1_0	1348	UKScandinavia_2n	PUWS_4n	1219	dxy_w	0.018112
y_num_ID=AL1G37320.v2.1_0	1348	LE_2n	CESiberia_2n	1218	dxy_w	0.00999107
y_num_ID=AL1G37320.v2.1_0	1348	UKScandinavia_2n	LE_2n	1218	dxy_w	0.0194726
y_num_ID=AL1G37320.v2.1_0	1348	PUWS_4n	LE_2n	1218	dxy_w	0.0140918
y_num_ID=AL1G37330.v2.1_0	888	UKScandinavia_2n	.	772	pi_w	0.0063122
y_num_ID=AL1G37330.v2.1_0	888	PUWS_4n	.	772	pi_w	0.00844368
y_num_ID=AL1G37330.v2.1_0	888	CESiberia_2n	.	774	pi_w	0.00928789
y_num_ID=AL1G37330.v2.1_0	888	LE_2n	.	770	pi_w	0.0101088
y_num_ID=AL1G37330.v2.1_0	888	PUWS_4n	CESiberia_2n	772	dxy_w	0.0138497
y_num_ID=AL1G37330.v2.1_0	888	UKScandinavia_2n	CESiberia_2n	772	dxy_w	0.01117
y_num_ID=AL1G37330.v2.1_0	888	UKScandinavia_2n	PUWS_4n	770	dxy_w	0.0130798
y_num_ID=AL1G37330.v2.1_0	888	LE_2n	CESiberia_2n	770	dxy_w	0.00940126
y_num_ID=AL1G37330.v2.1_0	888	UKScandinavia_2n	LE_2n	768	dxy_w	0.0105373
y_num_ID=AL1G37330.v2.1_0	888	PUWS_4n	LE_2n	769	dxy_w	0.011541
y_num_ID=AL1G37400.v2.1_0	746	UKScandinavia_2n	.	664	pi_w	0.00619143
y_num_ID=AL1G37400.v2.1_0	746	PUWS_4n	.	655	pi_w	0.0143948
y_num_ID=AL1G37400.v2.1_0	746	CESiberia_2n	.	664	pi_w	0.00946742
y_num_ID=AL1G37400.v2.1_0	746	LE_2n	.	662	pi_w	0.0100407
y_num_ID=AL1G37400.v2.1_0	746	PUWS_4n	CESiberia_2n	655	dxy_w	0.0134883
y_num_ID=AL1G37400.v2.1_0	746	UKScandinavia_2n	CESiberia_2n	663	dxy_w	0.00999874
y_num_ID=AL1G37400.v2.1_0	746	UKScandinavia_2n	PUWS_4n	654	dxy_w	0.0117737
y_num_ID=AL1G37400.v2.1_0	746	LE_2n	CESiberia_2n	662	dxy_w	0.00987662
y_num_ID=AL1G37400.v2.1_0	746	UKScandinavia_2n	LE_2n	661	dxy_w	0.00959677
y_num_ID=AL1G37400.v2.1_0	746	PUWS_4n	LE_2n	654	dxy_w	0.013382
y_num_ID=AL1G37300.v2.1_0	2459	UKScandinavia_2n	.	2221	pi_w	0.00350193
y_num_ID=AL1G37300.v2.1_0	2459	PUWS_4n	.	2219	pi_w	0.00571789
y_num_ID=AL1G37300.v2.1_0	2459	CESiberia_2n	.	2221	pi_w	0.0049002
y_num_ID=AL1G37300.v2.1_0	2459	LE_2n	.	2220	pi_w	0.00664606
y_num_ID=AL1G37300.v2.1_0	2459	PUWS_4n	CESiberia_2n	2219	dxy_w	0.00564054
y_num_ID=AL1G37300.v2.1_0	2459	UKScandinavia_2n	CESiberia_2n	2221	dxy_w	0.00732778
y_num_ID=AL1G37300.v2.1_0	2459	UKScandinavia_2n	PUWS_4n	2219	dxy_w	0.00719758
y_num_ID=AL1G37300.v2.1_0	2459	LE_2n	CESiberia_2n	2220	dxy_w	0.00616076
y_num_ID=AL1G37300.v2.1_0	2459	UKScandinavia_2n	LE_2n	2220	dxy_w	0.00810126
y_num_ID=AL1G37300.v2.1_0	2459	PUWS_4n	LE_2n	2218	dxy_w	0.0063396
y_num_ID=AL1G37410.v2.1_0	958	UKScandinavia_2n	.	795	pi_w	0.015905
y_num_ID=AL1G37410.v2.1_0	958	PUWS_4n	.	790	pi_w	0.00954578
y_num_ID=AL1G37410.v2.1_0	958	CESiberia_2n	.	793	pi_w	0.0116069
y_num_ID=AL1G37410.v2.1_0	958	LE_2n	.	795	pi_w	0.0130593
y_num_ID=AL1G37410.v2.1_0	958	PUWS_4n	CESiberia_2n	789	dxy_w	0.0109299
y_num_ID=AL1G37410.v2.1_0	958	UKScandinavia_2n	CESiberia_2n	792	dxy_w	0.0176982
y_num_ID=AL1G37410.v2.1_0	958	UKScandinavia_2n	PUWS_4n	789	dxy_w	0.0174769
y_num_ID=AL1G37410.v2.1_0	958	LE_2n	CESiberia_2n	793	dxy_w	0.0126132
y_num_ID=AL1G37410.v2.1_0	958	UKScandinavia_2n	LE_2n	794	dxy_w	0.0181605
y_num_ID=AL1G37410.v2.1_0	958	PUWS_4n	LE_2n	790	dxy_w	0.0119027
y_num_ID=AL1G36590.v2.1_0	7957	UKScandinavia_2n	.	2929	pi_w	0.0120183
y_num_ID=AL1G36590.v2.1_0	7957	PUWS_4n	.	3449	pi_w	0.0110435
y_num_ID=AL1G36590.v2.1_0	7957	CESiberia_2n	.	3020	pi_w	0.0127373
y_num_ID=AL1G36590.v2.1_0	7957	LE_2n	.	3454	pi_w	0.0129957
y_num_ID=AL1G36590.v2.1_0	7957	PUWS_4n	CESiberia_2n	2985	dxy_w	0.012865
y_num_ID=AL1G36590.v2.1_0	7957	UKScandinavia_2n	CESiberia_2n	2663	dxy_w	0.0144493
y_num_ID=AL1G36590.v2.1_0	7957	UKScandinavia_2n	PUWS_4n	2765	dxy_w	0.0144743
y_num_ID=AL1G36590.v2.1_0	7957	LE_2n	CESiberia_2n	2997	dxy_w	0.0134115
y_num_ID=AL1G36590.v2.1_0	7957	UKScandinavia_2n	LE_2n	2740	dxy_w	0.0147273
y_num_ID=AL1G36590.v2.1_0	7957	PUWS_4n	LE_2n	3133	dxy_w	0.012449
y_num_ID=AL1G37250.v2.1_0	2206	UKScandinavia_2n	.	1996	pi_w	0.00441995
y_num_ID=AL1G37250.v2.1_0	2206	PUWS_4n	.	1995	pi_w	0.00483882
y_num_ID=AL1G37250.v2.1_0	2206	CESiberia_2n	.	1995	pi_w	0.00325815
y_num_ID=AL1G37250.v2.1_0	2206	LE_2n	.	1995	pi_w	0.00448596
y_num_ID=AL1G37250.v2.1_0	2206	PUWS_4n	CESiberia_2n	1994	dxy_w	0.00440384
y_num_ID=AL1G37250.v2.1_0	2206	UKScandinavia_2n	CESiberia_2n	1995	dxy_w	0.0049812
y_num_ID=AL1G37250.v2.1_0	2206	UKScandinavia_2n	PUWS_4n	1995	dxy_w	0.00583244
y_num_ID=AL1G37250.v2.1_0	2206	LE_2n	CESiberia_2n	1994	dxy_w	0.00518191
y_num_ID=AL1G37250.v2.1_0	2206	UKScandinavia_2n	LE_2n	1995	dxy_w	0.00602176
y_num_ID=AL1G37250.v2.1_0	2206	PUWS_4n	LE_2n	1994	dxy_w	0.00541755
y_num_ID=AL1G37430.v2.1_0	1036	UKScandinavia_2n	.	916	pi_w	0.0163998
y_num_ID=AL1G37430.v2.1_0	1036	PUWS_4n	.	914	pi_w	0.0120292
y_num_ID=AL1G37430.v2.1_0	1036	CESiberia_2n	.	916	pi_w	0.0166171
y_num_ID=AL1G37430.v2.1_0	1036	LE_2n	.	916	pi_w	0.00630025
y_num_ID=AL1G37430.v2.1_0	1036	PUWS_4n	CESiberia_2n	914	dxy_w	0.0165049
y_num_ID=AL1G37430.v2.1_0	1036	UKScandinavia_2n	CESiberia_2n	916	dxy_w	0.023187
y_num_ID=AL1G37430.v2.1_0	1036	UKScandinavia_2n	PUWS_4n	914	dxy_w	0.0194592
y_num_ID=AL1G37430.v2.1_0	1036	LE_2n	CESiberia_2n	916	dxy_w	0.0161801
y_num_ID=AL1G37430.v2.1_0	1036	UKScandinavia_2n	LE_2n	916	dxy_w	0.0203329
y_num_ID=AL1G37430.v2.1_0	1036	PUWS_4n	LE_2n	914	dxy_w	0.0116399
y_num_ID=AL1G37440.v2.1_0	879	UKScandinavia_2n	.	787	pi_w	0.00406607
y_num_ID=AL1G37440.v2.1_0	879	PUWS_4n	.	786	pi_w	0.00358119
y_num_ID=AL1G37440.v2.1_0	879	CESiberia_2n	.	787	pi_w	0.00403431
y_num_ID=AL1G37440.v2.1_0	879	LE_2n	.	786	pi_w	0.00600329
y_num_ID=AL1G37440.v2.1_0	879	PUWS_4n	CESiberia_2n	786	dxy_w	0.00557752
y_num_ID=AL1G37440.v2.1_0	879	UKScandinavia_2n	CESiberia_2n	787	dxy_w	0.00506671
y_num_ID=AL1G37440.v2.1_0	879	UKScandinavia_2n	PUWS_4n	786	dxy_w	0.00472555
y_num_ID=AL1G37440.v2.1_0	879	LE_2n	CESiberia_2n	786	dxy_w	0.00540946
y_num_ID=AL1G37440.v2.1_0	879	UKScandinavia_2n	LE_2n	786	dxy_w	0.00615785
y_num_ID=AL1G37440.v2.1_0	879	PUWS_4n	LE_2n	786	dxy_w	0.00638772
y_num_ID=AL1G37170.v2.1_0	2985	UKScandinavia_2n	.	2640	pi_w	0.00722222
y_num_ID=AL1G37170.v2.1_0	2985	PUWS_4n	.	2638	pi_w	0.00694092
y_num_ID=AL1G37170.v2.1_0	2985	CESiberia_2n	.	2639	pi_w	0.00424955
y_num_ID=AL1G37170.v2.1_0	2985	LE_2n	.	2640	pi_w	0.00498999
y_num_ID=AL1G37170.v2.1_0	2985	PUWS_4n	CESiberia_2n	2637	dxy_w	0.0066115
y_num_ID=AL1G37170.v2.1_0	2985	UKScandinavia_2n	CESiberia_2n	2639	dxy_w	0.00918841
y_num_ID=AL1G37170.v2.1_0	2985	UKScandinavia_2n	PUWS_4n	2638	dxy_w	0.0103934
y_num_ID=AL1G37170.v2.1_0	2985	LE_2n	CESiberia_2n	2639	dxy_w	0.00521298
y_num_ID=AL1G37170.v2.1_0	2985	UKScandinavia_2n	LE_2n	2640	dxy_w	0.00926534
y_num_ID=AL1G37170.v2.1_0	2985	PUWS_4n	LE_2n	2638	dxy_w	0.00694639
y_num_ID=AL1G37420.v2.1_0	1936	UKScandinavia_2n	.	1728	pi_w	0.0128798
y_num_ID=AL1G37420.v2.1_0	1936	PUWS_4n	.	1719	pi_w	0.00959055
y_num_ID=AL1G37420.v2.1_0	1936	CESiberia_2n	.	1474	pi_w	0.0104177
y_num_ID=AL1G37420.v2.1_0	1936	LE_2n	.	1556	pi_w	0.015172
y_num_ID=AL1G37420.v2.1_0	1936	PUWS_4n	CESiberia_2n	1472	dxy_w	0.0111821
y_num_ID=AL1G37420.v2.1_0	1936	UKScandinavia_2n	CESiberia_2n	1464	dxy_w	0.0152225
y_num_ID=AL1G37420.v2.1_0	1936	UKScandinavia_2n	PUWS_4n	1709	dxy_w	0.0132063
y_num_ID=AL1G37420.v2.1_0	1936	LE_2n	CESiberia_2n	1467	dxy_w	0.0146961
y_num_ID=AL1G37420.v2.1_0	1936	UKScandinavia_2n	LE_2n	1546	dxy_w	0.0176719
y_num_ID=AL1G37420.v2.1_0	1936	PUWS_4n	LE_2n	1554	dxy_w	0.0149789
y_num_ID=AL1G37020.v2.1_0	5646	UKScandinavia_2n	.	5067	pi_w	0.000969234
y_num_ID=AL1G37020.v2.1_0	5646	PUWS_4n	.	5067	pi_w	0.00343987
y_num_ID=AL1G37020.v2.1_0	5646	CESiberia_2n	.	5065	pi_w	0.00178049
y_num_ID=AL1G37020.v2.1_0	5646	LE_2n	.	5066	pi_w	0.00308296
y_num_ID=AL1G37020.v2.1_0	5646	PUWS_4n	CESiberia_2n	5065	dxy_w	0.00332716
y_num_ID=AL1G37020.v2.1_0	5646	UKScandinavia_2n	CESiberia_2n	5065	dxy_w	0.00316634
y_num_ID=AL1G37020.v2.1_0	5646	UKScandinavia_2n	PUWS_4n	5067	dxy_w	0.00335307
y_num_ID=AL1G37020.v2.1_0	5646	LE_2n	CESiberia_2n	5064	dxy_w	0.00347613
y_num_ID=AL1G37020.v2.1_0	5646	UKScandinavia_2n	LE_2n	5066	dxy_w	0.00389739
y_num_ID=AL1G37020.v2.1_0	5646	PUWS_4n	LE_2n	5066	dxy_w	0.00401568
